region,rainfall_mm,temperature_c,humidity_pct,river_level_m,snow_melt_mm,prev_day_rain,risk_level,risk_label
Semey,30.173092741415815,-1.693669170833516,85.75413087519438,7.8152995785981565,36.153581802483444,21.371525589651945,3,Critical
Karaganda,32.967815643109056,3.287523014913953,84.73465369112249,1.7758656298196112,38.63354940640833,72.85319963071107,2,High
Aktau,24.867317880966773,25.70332661665268,90.75394204015817,7.236785479649264,35.74497670456569,34.853765289783226,3,Critical
Taldykorgan,105.38648009750307,-1.6647199053665656,76.00274182176835,6.3260249910491595,28.94888232770726,10.326895611396942,3,Critical
Kostanay,90.83989586066744,31.29886201271198,28.352330379846514,1.0735996662448481,0.730449855444143,59.383900538715544,1,Medium
Taraz,5.62757613494639,9.103734133836284,51.928015045897844,7.900468261256365,18.018774618158535,51.44834820942802,2,High
Aktau,32.240697843036884,-6.083246683555361,77.85195891717036,2.535244726542579,30.24197146812906,25.259472198722968,2,High
Aktobe,2.6621690436361956,26.708688957692637,42.42675686332167,1.2393719526680926,19.372564796126934,49.721497922723884,0,Low
Semey,59.779822397507154,6.807935736727444,74.99250913089901,6.719856755943196,43.173994745640655,17.588956509518148,3,Critical
Atyrau,57.1452836146817,13.692463736920146,21.959875861412186,5.800066502582749,15.440113767480767,35.58714874724237,2,High
Shymkent,99.76457880750014,-4.9463045014951375,44.490987270367455,5.129141044084256,14.676739622933022,71.95300177338602,2,High
Semey,36.933268772525935,-9.883719331975792,63.930426902173814,1.6698564777419986,13.299884654632898,10.682738652859953,0,Low
Kostanay,97.96628822556748,18.709334260698395,70.56718636049938,4.088720871919714,16.639043448039775,30.93571599899696,2,High
Kostanay,116.15685185277877,13.182882665017921,66.16325315695286,6.354170201654104,27.87024821570936,65.69139397762778,3,Critical
Taraz,10.608986803877588,16.709235610541622,75.82050208587435,2.777179536078802,35.35076471362954,77.55927195249426,1,Medium
Aktobe,95.01814073635595,25.718473267123237,20.487099859187126,2.8376737138628108,33.12839588693925,36.31409091374367,2,High
Karaganda,70.79470765651632,19.097266104028705,28.075295998201717,0.5235567953609159,40.38589099907398,40.55996961146779,2,High
Taraz,57.60551604221702,-2.1351950727680276,89.5155401823316,1.8068255123403465,44.295699774871245,45.77375694270158,2,High
Taraz,50.46429343980901,6.234763359976991,74.5398915272129,7.065542188413757,40.80395211716756,74.58785133069686,3,Critical
Shymkent,94.16019167331714,30.765099715449217,29.034531414880902,3.813098687282803,0.9472701687177287,68.65654327816239,2,High
Pavlodar,76.72336283690908,24.647511511325554,87.36595499188634,7.881758744258255,36.795897677599434,13.648089969731547,3,Critical
Aktobe,96.60536010232343,15.048667607152275,39.37849742596535,3.467809726803444,10.41997868091658,34.940625427766,1,Medium
Astana,108.37812704119516,1.504024901417253,58.260790735617874,5.863898410851809,6.646402135399132,37.1200342557141,2,High
Taraz,74.07164545167504,3.592722582565777,31.615721030772825,2.6143928217854686,31.924439239956776,63.127688931900536,3,Critical
Kyzylorda,117.65552701108534,22.938113041353553,76.80880451373653,3.228572308557001,15.987159770384746,48.23143060843482,2,High
Petropavl,72.97054194502623,28.30284173837469,73.34835368114142,1.9304449069317098,2.855858168522163,52.337636962321035,1,Medium
Pavlodar,76.3973185946739,20.21411012887765,36.8889976932909,3.1029677637454625,6.881486719918067,79.85599261324941,2,High
Astana,66.57787302506708,26.428848909579877,89.07206134856014,4.604281403154824,0.046470843498053194,5.996803477601045,2,High
Kyzylorda,10.920250926159634,24.49952608401827,52.10448193757698,7.938296607344371,45.161181367235365,17.84078588269864,2,High
Aktobe,87.1676439180274,-3.2633214419369025,43.401207285659346,5.481512848038393,1.2308991920619294,32.63167498972375,2,High
Almaty,65.69355682789339,9.077516581098589,32.186367157162834,1.9943446580623554,10.472788475475554,27.822592243910975,1,Medium
Kyzylorda,54.10925368993253,-3.1157289627146803,41.293441001242996,0.8372108119366335,20.813139034395366,1.731644907758687,1,Medium
Atyrau,109.25655340839276,0.585601316089317,21.76215369790536,1.4476736098588296,17.828566297540956,7.342208517694067,1,Medium
Pavlodar,35.75513418503406,29.116683109297362,66.66059939648925,4.719164009547855,45.586293845638785,54.47626331228609,3,Critical
Aktau,62.83227312180134,11.280138453493198,87.37845970751583,6.238702466125748,2.0144472867271057,70.34595706900485,3,Critical
Kyzylorda,83.7170245792156,14.09111458291974,63.91843595533135,7.5531440547556015,25.610735383852578,41.138160901278205,3,Critical
Oskemen,95.57661308086527,-1.9699315647502544,37.54191695391006,0.6186737899761561,34.0239731262187,43.135286361090635,2,High
Almaty,55.121616953540695,4.052230372195821,22.693534257109818,4.420701061714023,46.58489868405844,20.40747462659035,2,High
Kostanay,101.05096980224516,0.36107757925414674,37.17024586070423,4.031505171673826,31.01856260618605,61.43010909069691,3,Critical
Kostanay,92.2701289578477,-0.7216225966708105,53.289714245687385,5.42041266481778,40.187761800588135,60.14356698938051,3,Critical
Taldykorgan,7.948317342223903,18.708235699218655,80.76891429598372,4.696841408490065,4.18624689226742,47.06925513741253,1,Medium
Atyrau,5.503351968555954,1.559773144057166,35.02742820302193,5.652793629368604,19.29697554684637,17.013142920907427,1,Medium
Kyzylorda,74.49668213065095,18.44069687091883,77.58331626837489,5.435619385618928,18.697356723953373,7.761457458967156,2,High
Kyzylorda,41.68960898704971,-7.369542365115074,89.3546774681507,1.3775879364345964,44.31441082278588,5.139086068570071,2,High
Taldykorgan,25.0956949294217,-3.620152291280416,56.315747848668565,6.497884352140397,7.568558563163746,47.415685331430225,2,High
Petropavl,69.5579921366086,2.3543114300056427,85.71455933140746,1.4242443178724362,7.594308616831514,66.00282553142401,2,High
Petropavl,40.9875852547854,16.867111260306125,64.37258784280765,5.738979689068528,16.427907494289922,68.66643454247398,2,High
Taldykorgan,64.4716100056884,20.41285602893192,70.9672669664724,3.6210902573045503,2.723302368341879,37.08976594747598,1,Medium
Petropavl,55.214299078028645,9.922263505078721,62.102276827056215,4.353880509324484,9.122902032624502,62.74170394453735,2,High
Shymkent,70.17193271389844,10.060591155975303,57.053817340107344,7.274735107817829,48.26048192728676,75.75041570728189,3,Critical
Kyzylorda,48.03605866923376,22.60325831293781,38.77227534206795,7.174127948551149,21.40919699335864,22.013608999045438,2,High
Semey,83.7201088436318,-9.28805087054879,44.25552475688369,6.633922292412722,31.600960421121822,31.836827710460575,3,Critical
Karaganda,21.608072681915825,5.349051101339924,43.19760951548872,4.3261128534224245,36.30556296723185,74.51831940773445,2,High
Oskemen,83.58017594724947,26.84181757036547,65.06311447630517,6.021798576003748,18.348070350360025,27.058477385382787,3,Critical
Shymkent,49.39934572290338,17.14487345960175,29.596295441911195,4.34672791639107,7.361353720525848,73.1101032257437,2,High
Aktobe,104.91811258253006,5.175220973993916,93.3433352561868,7.02204561856083,10.329050811089042,78.48358898035725,3,Critical
Shymkent,61.828326583705305,30.748615654835326,77.65241162264905,3.5208187492467493,15.663323829030517,52.94485828595398,2,High
Semey,116.77324191241252,24.768022735222218,52.11565047305549,7.7767650831115755,31.80342101761128,65.35122316033346,3,Critical
Aktobe,72.23224746491522,1.9202951256530039,32.68993156211024,7.4924206867165815,19.91402745445272,59.96364513768682,3,Critical
Oskemen,26.86188790875847,19.03804268865726,90.55937357773087,6.062019645888391,0.34073489500640597,55.962740609241905,2,High
Semey,98.6148764213339,16.80878276850305,85.90224720809321,2.59561913132054,26.170359253373594,24.554485838498607,2,High
Astana,41.40991533868641,8.05345613175422,77.73772421737434,1.4874019159494378,46.0756695953709,4.567547032635497,1,Medium
Karaganda,41.71430573792202,6.513023564216031,41.72376379289939,6.910275875698981,40.60388055043395,27.44413860157205,3,Critical
Oskemen,3.816561778219816,5.460221364906678,52.19573099469351,1.7397671460347095,41.260568562981554,53.35487881631253,1,Medium
Kyzylorda,65.84583710488903,17.772010252804105,28.21986019619387,6.906955917480018,39.752900880306555,8.20233585822411,3,Critical
Petropavl,64.13082044790276,9.908447141630127,35.12316197820254,4.180737550342704,16.186541280521183,0.9534386382593674,2,High
Astana,42.71897811263833,27.433840096313993,82.64133098533863,3.549175878560782,38.2596916877196,11.175389808235092,2,High
Atyrau,107.3060715475111,20.132117726028284,77.2030975080547,7.273930841258219,7.15806789055965,57.25887411286362,3,Critical
Oskemen,15.44980779595727,-6.853077743075464,67.47886103807477,5.028882369052084,32.885807363797674,77.82349613251552,2,High
Atyrau,39.611941597218646,18.807570072267474,91.65813807409383,4.824605053472883,32.07842833424972,78.64517596918563,3,Critical
Aktobe,38.58993176160348,2.2016346425083153,66.66132142504364,4.6907445846829825,1.2784899544867334,39.51833193121503,1,Medium
Astana,11.07487034744953,16.676539624404022,57.35743999708886,3.2837713701464857,39.39850667954658,69.5481840793878,1,Medium
Karaganda,57.737447286755184,20.605936899655312,47.229659704461014,6.3923232764684546,45.16240525475653,58.94611646012032,3,Critical
Kyzylorda,82.53416605152997,0.3873135119305431,95.2358804588938,2.3959883301182976,13.370763923605383,40.08321895876827,2,High
Taldykorgan,61.398841625671345,10.558639019616589,26.61723692194828,7.541712200309563,40.61953620930755,45.820842636406944,3,Critical
Kyzylorda,18.837321925943247,-1.4353811731419484,94.47098976486467,7.2048890378522055,4.12029859309741,10.978171729349686,2,High
Semey,45.27431582904871,-7.644750589607126,86.13717279448147,3.0311024425617363,29.9983929130533,75.01291684932737,2,High
Kyzylorda,0.31140292603758724,7.031439056864109,30.394393962856103,5.970978273737478,24.28234326671386,28.154381658542142,1,Medium
Aktau,104.19613284427042,6.33249223306964,65.19874861402029,4.799173958371936,27.29617666545,35.69194051657356,2,High
Taraz,10.142040921681833,34.79662208169157,89.32383853992695,3.0323697649942596,46.310260094217256,53.7328184798319,2,High
Taldykorgan,71.67336987065167,10.085855803893896,65.7447330885723,7.913912359965851,43.565762362342674,26.712197722124316,3,Critical
Shymkent,118.35083950401781,5.010629726249018,92.57598572484979,0.6892800938619815,39.25418286198785,20.34073287911444,2,High
Petropavl,64.3908775184799,16.121375302250357,95.4387053452834,2.3948452296596496,13.68492288391855,50.48395146161765,2,High
Almaty,110.88501109289197,-6.005467265150419,53.79076177474447,4.400555458333628,45.59093143430458,1.998726582547956,3,Critical
Karaganda,28.333983974088518,33.27495811796659,50.18509291250589,4.4146475260892295,4.875384623193763,57.65800896213431,1,Medium
Astana,91.19464907251027,18.573202051596493,94.90569231753254,4.916998062091731,42.66646082793939,41.12186959012078,3,Critical
Taraz,63.75189047682409,23.967701897338152,74.01120489197345,6.137571290171895,16.40800361768039,48.46029844167475,3,Critical
Karaganda,86.46192736697579,-2.3284927821737105,29.281814507853543,5.176083728894723,2.6886155830991685,50.55041273975081,2,High
Astana,7.480963501348974,8.426503385234174,23.383339937814497,5.002110953960277,33.467849212037414,42.1640125194051,2,High
Petropavl,17.728691028747203,9.02101010282853,65.17032407978105,0.9013584718478247,11.563996415797773,46.60270219525888,0,Low
Pavlodar,15.97403143049739,26.981289975548904,94.41367723507396,3.3239771584197375,12.178556293231596,54.70305607118996,1,Medium
Pavlodar,82.45986064839973,-9.944349410826575,87.53989619246548,2.24041804775867,15.302358311438574,60.24950777437393,2,High
Atyrau,101.33288071603545,3.5383898758964776,74.06781971714692,2.4902758370148157,3.1842383751258363,58.19619130288964,1,Medium
Karaganda,89.95394784103048,34.155636845493675,31.129267911287002,4.657531057552586,8.856357209912701,69.56931661858094,2,High
Pavlodar,3.656658328031299,11.36989445777984,40.33851069989565,1.9962898619720633,0.2569813792780151,15.15547465339222,0,Low
Aktau,104.0657977289668,7.213682610980371,90.04089812420929,2.7046182576267315,22.27047605528934,32.0918375593438,2,High
Taldykorgan,42.49760049517506,-4.6076949092059145,34.62457893255204,2.2781353138800506,4.212768870898564,75.82368528115657,1,Medium
Astana,47.6596599004899,33.8374082882607,42.27515266003476,7.6137720741364605,34.13263025220995,31.72724595090638,3,Critical
Atyrau,12.584299983897708,-9.098813983337898,30.368052095635356,7.5849929912832135,11.781142559582419,9.989606152473813,1,Medium
Kyzylorda,88.4886247312583,23.17311012532594,74.0886585131529,5.0745616894703875,47.178707201758854,42.03561010897437,3,Critical
Astana,21.874065417114966,24.586991215482882,95.51858442905677,7.43391851548925,43.56258136993263,8.759277804356973,3,Critical
Atyrau,67.67581104226036,0.9645522228739978,41.51744252763088,6.393594841012798,14.472044748410411,16.228259098229216,2,High
Petropavl,100.88519830535174,20.22012996258668,58.0325286280059,4.924609121013566,39.160772732833934,79.86550052567654,3,Critical
Karaganda,10.704519445446742,-5.818188502927454,70.74717917689634,0.5482640862259678,40.16224523324031,43.309011071690556,1,Medium
Petropavl,64.24026768186282,1.5671269894435937,99.95729985725046,6.293872145595531,49.32815570572052,22.724671123234323,3,Critical
Taldykorgan,27.985969385976148,25.455589473151925,28.384645199805767,5.768662561913517,29.891999342284247,79.58199636591249,2,High
Taldykorgan,41.15122371339123,28.910878641509314,59.88566396045673,5.114402399618105,4.09828673218311,77.32471348441146,2,High
Taraz,56.87639297166674,17.38188856969061,50.809609592200005,6.2031823376185375,32.34186144631905,35.25912328674109,3,Critical
Petropavl,42.61251639351657,12.807729431921718,89.26561321778841,4.346916235810743,31.24898741880176,20.832248703032672,3,Critical
Semey,77.85874083498912,-2.8313190721458863,58.07741848093247,5.780624534910043,31.917528871021588,67.0719710473752,3,Critical
Kyzylorda,57.549852210510025,-7.160093511438243,28.878201966811847,7.5137906504486995,15.357282405210576,57.24965735774286,3,Critical
Oskemen,70.10393816570031,-4.705793718689862,70.7539316229267,3.3185376188456472,42.983979254016646,54.95531480028083,3,Critical
Petropavl,88.41869704738954,0.23107850432444543,81.66244946111038,5.810913761754691,47.973609147770595,71.4490993057978,3,Critical
Taraz,66.92907191405249,5.375352585361437,20.230500133249166,4.06765863508219,10.885625648907576,55.15337070970597,2,High
Aktobe,70.3842521592911,7.140928647994425,88.71653483365036,5.5579973886048615,4.407607906832222,22.703835443323932,2,High
Aktau,67.73502510271695,5.584479586505159,34.88184000045325,6.2217000166577305,9.726751658424204,55.50905295005858,3,Critical
Astana,45.45271511415472,0.7574899488769518,64.16554917227023,0.8408937532684697,41.02760696278594,24.465080902693117,1,Medium
Taldykorgan,40.49362006463017,12.937591103826417,53.26380005499601,5.349503329614964,33.83223174099238,60.7391183725596,3,Critical
Aktobe,107.95768765740148,27.13787487048036,77.57230532884243,2.2005588830520844,31.802367116956333,49.579828359325276,2,High
Taraz,72.90662667522874,2.586659231216565,49.692929182859345,5.525244033556751,20.089656755471225,6.1929241587800465,2,High
Atyrau,29.32237865575854,32.40741585960049,89.58105413453686,4.012476394503601,28.891398575571785,41.02682899481137,2,High
Oskemen,59.78972374187282,29.300149777573154,78.43970887670322,6.301645563986654,15.393706263718371,27.464077535659275,2,High
Kyzylorda,39.64181775370968,-2.7206104891550673,71.81705368503373,1.4255061140419731,23.860003970898063,26.28565061858354,1,Medium
Kyzylorda,112.04301885118495,25.382418054069255,83.69924764502835,5.197417637421463,39.653151418532794,48.18050419018058,3,Critical
Kyzylorda,0.9041235760889688,15.856432204299498,80.32184279427058,2.5885304669566422,49.062079872773104,25.78598595755399,1,Medium
Aktau,27.039935725503387,15.495891297713836,22.875093993724267,6.897364964979436,46.62444617949009,62.15149985638981,3,Critical
Oskemen,43.842818360886916,7.59692433761785,51.57874830758625,7.4628762922723055,46.69329714231244,5.663314880893955,3,Critical
Aktau,58.53717609704855,12.551884963190439,94.46458378531918,7.972987202592916,20.11118674235562,52.83106019166603,3,Critical
Taldykorgan,102.09810214033755,7.873044984314497,30.057941519378097,6.470055518204624,23.439494025339545,64.7355842925393,3,Critical
Aktau,10.546514944817265,14.287967844197428,78.9677240345641,6.153005528210034,35.28176981844908,53.826535193634406,2,High
Almaty,96.7037864089372,18.25775237476861,97.96734490682637,2.116255691506633,46.109596402564215,39.77833560159966,2,High
Oskemen,6.678418722837041,20.34367128840718,24.17589032359773,3.0200529424258153,7.0997129676042325,76.0245610988945,0,Low
Semey,101.07768423578179,13.961653665174179,74.57551045012883,3.9926190632170964,15.212093191359788,23.995079183845085,2,High
Oskemen,6.19625734494154,22.463993029792924,57.452331304082435,6.300357858366873,6.962342229705476,1.5334310019982222,1,Medium
Taraz,2.1890977714033255,-3.642487782602239,66.33402042997777,7.3622439880847645,30.600426497972766,34.55914971707527,2,High
Almaty,83.63537548397059,-0.46078790939926684,26.82730691874599,1.9185432501723847,15.315049844376876,2.64095487202618,1,Medium
Kyzylorda,119.67066417220732,26.843075183342158,23.44055614935516,7.417756135025772,16.305392625628674,76.3149402021127,3,Critical
Taraz,107.5932315568825,4.513759003088683,73.34933284407373,5.717184892655435,3.545797974398962,16.793443659844122,2,High
Taraz,69.11981013667919,-8.96977787607459,85.86475438565743,5.08078048013779,17.489803090379596,63.11416191591036,3,Critical
Taldykorgan,110.0874735702638,-3.079398264938601,82.56122679463738,1.9988095346145465,43.124825370079265,61.96576665394919,2,High
Kostanay,0.63600076771265,0.06264955233400649,63.50445822929899,0.9164377460686292,11.653640594541748,17.418311974634683,0,Low
Shymkent,117.0080595534171,33.079529955256426,27.989345690894254,4.763486738809549,34.759373310503285,49.698122438413385,3,Critical
Almaty,58.889853511054135,15.786864301888219,75.0435555068811,5.386367624966693,31.48141724692963,3.846317478916017,2,High
Taraz,86.74753159461308,31.972883321431468,39.35111068433167,2.0808608701601616,43.174230418455764,38.6859668563094,2,High
Shymkent,98.50337677840231,15.882350772348122,92.8854962213907,4.673421543690923,6.614397382551912,1.171770181798939,2,High
Shymkent,86.21487250038643,11.57094980620333,87.06122876365639,6.923700520719302,48.87949801725216,73.69151041446734,3,Critical
Almaty,64.20440784538927,4.117746103734323,76.75063736699127,6.76299459091265,29.13143230201828,78.08688193596574,3,Critical
Kostanay,57.194338095169435,17.2866924995019,95.90767646649043,7.455163854397229,49.77370761734072,17.782621331086823,3,Critical
Aktobe,100.62990704431498,-3.736088892211157,22.513745720901834,3.244143571676603,45.57573629329254,16.648482767709822,2,High
Atyrau,24.609307217935093,30.421773228171766,78.89603400486095,2.88537179413189,11.07586360565529,60.29761412497037,1,Medium
Semey,116.15928798050811,27.319958231357766,46.41942234691243,6.120695044856065,2.808100495165655,20.270351906346757,2,High
Atyrau,85.31429746040979,4.288915154453166,92.48527085490922,3.733343038227537,12.781954689768076,71.6061247329476,2,High
Oskemen,23.94083128059837,32.875888742058244,41.33401573295821,1.1566149802083545,26.378182449970993,45.91433088983858,1,Medium
Kyzylorda,88.34966204381858,27.134034533700564,77.98851994520136,2.621008480028748,8.5798183532595,28.06220984082497,1,Medium
Semey,63.580802781734,19.983809862576788,90.21176157206251,3.6393671414861686,8.372987225899426,66.6154997079536,2,High
Oskemen,84.86761147733334,-4.520713999362634,23.332545470614594,2.69387319107189,23.129677355257655,39.47253603307161,2,High
Taraz,92.13354017314066,11.520531037163252,51.81180636736289,2.991541782104912,1.6633985584679212,72.93063309667804,2,High
Kyzylorda,10.474821550761053,12.774839968103787,80.98472256175509,2.7033192963079307,6.094404126613523,74.24113893835047,0,Low
Astana,60.732474763121644,0.464811126442104,56.39351116060696,0.8112437538730959,20.793066970397376,13.233612170272746,1,Medium
Almaty,111.8417210708321,-6.401557253831412,41.38021038348762,5.278210256183319,3.156495460398323,0.1858724905544218,2,High
Semey,38.47706305914171,24.95256337122617,37.5844279058552,4.97969315265102,19.837752822776466,78.71447521139218,2,High
Semey,71.26597170694785,-4.5084226544022235,30.521461353310233,5.400376238590105,23.700313297422255,72.49100289019835,3,Critical
Petropavl,44.30765778118754,16.743083775279864,88.57036478850259,1.942324220252206,22.56333070365572,4.435618856307313,1,Medium
Taraz,54.51215666629196,32.140212824764724,66.02843226012448,2.7174090620936395,43.45874287015437,66.64274111528559,2,High
Aktobe,65.83237415257838,29.424733666911912,26.11079559931648,5.147119452086917,26.503122752586624,36.62439460473653,2,High
Shymkent,65.87063758667728,2.4988680687167513,50.606425885650836,4.997206763449411,23.399023123902168,20.716928401998018,2,High
Kyzylorda,24.2076554796283,28.315188689806938,49.41869206440879,4.297477320157009,20.53546226958331,70.29972189415439,2,High
Taraz,82.14858574558,-9.985037224577976,34.539135256757035,3.1280993750764807,40.88116891522431,15.73337859122458,2,High
Pavlodar,10.544173349118818,-9.204048567403426,54.84061003777526,7.346982535810175,44.75283019999166,75.78399995360536,2,High
Kostanay,16.658972813042446,17.11489237292892,46.56794923145092,3.0482768172413284,42.66212345985588,16.449719015947288,1,Medium
Shymkent,0.32530792971956046,6.415919861503827,47.3442964393746,3.917143673279387,33.67732890656954,49.094655018299484,1,Medium
Almaty,14.003527697001758,7.390737852161621,79.1221246230367,5.585853732156566,6.868087298433712,17.84690676231799,0,Low
Shymkent,56.779944126227065,15.39984908054971,37.86107084041571,4.572660731500731,13.843498474600613,43.65349319749078,2,High
Aktobe,72.73222572670063,-1.3697894983662735,71.34879670842844,3.101644822732892,2.3031531840988717,54.7180103932113,2,High
Taldykorgan,95.31473399597549,-0.47100922005347456,65.65196991047479,3.7673359284238237,46.541203749505705,15.218234465611005,2,High
Petropavl,12.803910013612327,11.80707141584891,65.44740098702938,6.458606133901296,33.03992648454552,41.670862616054336,2,High
Shymkent,102.08729520197457,23.941409495473835,73.04058769134207,2.585968666149593,37.31814421566207,37.52477955120952,2,High
Almaty,89.51694306584618,17.877398813341443,63.87056289565231,1.5669142983261157,15.578586979111448,5.682993712267299,1,Medium
Aktobe,49.022195152310026,3.3809771706577507,90.34040918771078,2.848724013723328,42.28267611386712,65.46462541402423,3,Critical
Atyrau,111.95256805199456,9.365172987901452,74.04640735602078,6.87150661615926,12.980164185423925,26.85459205142734,2,High
Semey,118.91153717488687,-2.3200858652500713,63.75706010971105,1.1674228614225999,0.08218785562248421,45.96657580415037,1,Medium
Taldykorgan,24.60021720638847,-6.641658354831323,86.38104962301159,7.937720550293388,18.820748126034697,41.18273879465075,3,Critical
Petropavl,45.50743019565605,25.221321833486712,68.49172519467838,4.557521741957469,28.53807404795367,41.06084036563538,2,High
Semey,111.17393083076534,1.9424334134687573,43.29153982281432,7.886343079753205,23.935242898276126,8.577791536678996,3,Critical
Kostanay,86.59158609015326,-2.0005125466938303,36.5675934541257,7.542473165644831,43.10380712882985,33.87856073994662,3,Critical
Oskemen,5.771357275690523,21.122812500619368,32.1862228530143,3.8961028565818756,5.270264297808347,36.189340736525615,0,Low
Taldykorgan,93.78173781016979,17.81232534292337,91.95641700368813,1.9886830595401181,27.69117203168628,58.69142722915588,2,High
Taldykorgan,99.35290646129903,18.493533170605883,76.81083454384526,1.7366358242385385,25.648967491045372,67.20150655365588,2,High
Atyrau,90.06023097183763,0.3002572180976131,94.99027505314567,2.299920229024681,14.06964910860815,43.598582248001435,2,High
Atyrau,95.94445571034187,0.4690492353206448,68.26334445719544,5.825994804234029,41.11140562885053,6.9426363251992385,3,Critical
Kyzylorda,99.01592120313566,-0.06388165964623838,57.872070519593,2.5471249604861588,37.64243279411031,18.9479576477237,2,High
Aktau,22.368598414577292,-2.1811331951967468,24.777319117671148,3.0606895220322374,36.64295936659155,13.194722148218485,1,Medium
Shymkent,28.283009527799972,19.507565265274533,73.73138252368238,3.865841029959611,43.8096239134778,9.96920505512998,1,Medium
Taldykorgan,76.05102764642128,28.160714836223065,66.5767007814585,7.349245103160922,36.13923003107606,29.271943889424605,3,Critical
Semey,108.94393565550192,22.594286135449757,99.21671148700972,1.9204506341363456,11.592064585736322,18.351480172350563,1,Medium
Almaty,37.943589875579356,25.644213519224444,39.13270222257944,0.5376991445735233,35.27813558248455,17.464248944920982,1,Medium
Karaganda,70.5968010954068,8.215929308833992,62.45898842294687,0.9507230778362761,15.385140669492191,4.3754539661014125,1,Medium
Aktau,81.9578476100559,19.433410791739917,72.07658680944581,7.285747562600885,12.108732517373527,1.4136035836347105,2,High
Karaganda,54.23383215588471,5.940630820014853,71.56729397938749,5.356373486325223,3.650179644981366,8.221459411982543,1,Medium
Petropavl,85.65389458263911,13.647707988588799,64.90348343587222,2.5478046449585507,37.20142901738384,13.775798353890645,2,High
Aktobe,107.96009343506077,11.673568094068806,82.15424082617804,1.8289437575839333,35.55004809749056,34.47869830785625,2,High
Semey,74.89218530182052,-2.040078468526552,36.398496762145314,2.7070005247783575,11.724973883704687,40.84162090390757,2,High
Semey,64.77372742975597,7.418544215103388,78.05017602195326,1.3609769543846006,37.468950836207796,11.247353453869247,2,High
Aktau,52.64936104660069,33.372002396705795,69.57876571464713,7.5614968271333085,45.892044154677656,33.982667321934905,3,Critical
Taldykorgan,69.29835250873508,1.1861115971723937,91.68600894356587,6.381546307739502,5.401447874578963,27.33990738607418,3,Critical
Kostanay,42.64349421820751,-3.9788318674230077,87.77555512268654,3.9679338268440554,11.631831919338747,14.673891479836483,1,Medium
Aktau,46.97785322418023,8.836127973077087,45.21176313060426,6.987219538364014,37.513039704365774,0.5472598518690841,3,Critical
Karaganda,63.82289756258088,25.565198113706664,42.098985998012246,2.3709365321992424,13.725333675353912,37.36142932173934,1,Medium
Aktau,7.994293486898036,16.196670340098752,98.53226590819582,5.8784042635414515,31.23319871418584,54.852139941215945,2,High
Semey,27.48304691097556,20.643867225721003,62.18121447322052,6.920993742603076,4.058211223185726,18.10218673150456,1,Medium
Kostanay,65.14191727360907,-1.4637318321395263,92.51367711315494,3.1757653371745445,22.610123955176935,10.544546391734348,2,High
Shymkent,51.783377176373115,17.852668685347467,33.11048190243858,6.180983340880383,36.95457109964765,70.96341955575694,3,Critical
Pavlodar,39.93789430949811,4.557517771016318,71.42551318401394,2.7130426194823203,34.325697152162626,22.001981799023824,2,High
Kyzylorda,87.66589641711617,27.543651467964537,84.7888149888469,2.741428514442731,40.75360503379034,17.889009583413184,2,High
Astana,83.24611288840062,18.31844627048313,95.79161996691575,1.3029288391563956,43.87260633015844,68.56775516879327,3,Critical
Atyrau,20.00769119920598,-1.0514675001116842,46.98721128136188,3.8004353488204905,38.65917506293791,65.3685679333409,2,High
Aktau,105.43549384481258,-7.092249407016124,77.9984935939242,5.972839298730666,33.579387146946296,35.867717641970685,3,Critical
Petropavl,59.45083516847588,-8.081505582083526,63.10504072316952,7.5516560417846375,1.5861245908015575,39.139108914221964,2,High
Oskemen,88.97530933668546,6.713385544256333,24.850314085317457,5.028477439468221,26.748333670472203,17.41989638672176,2,High
Aktobe,68.77810191088665,1.9633011494441064,75.19997898471547,6.973516533018043,1.8848862457426396,6.2641336383646,2,High
Pavlodar,119.7231139108612,19.074055555812862,75.20772465902748,6.668709869676703,40.40339085580113,45.87454602845288,3,Critical
Kyzylorda,90.28837440465873,12.470022574037824,94.44854438772296,1.8000728973146063,16.03622622299788,7.86759372721705,2,High
Kyzylorda,84.83765534921508,1.9708675102421331,59.78499569351779,4.143630716844736,28.121468705896046,35.94196375653198,2,High
Kyzylorda,93.42863268609013,-3.284299992242074,38.420073656841176,1.376926516440436,13.97226536594513,75.23977588104086,1,Medium
Kyzylorda,17.175358265816353,-4.276010679064768,23.565105875894332,5.616148711712262,39.12500721901468,76.22675113364676,2,High
Karaganda,24.545351180335594,28.909717646318796,53.25137493487246,7.62424751184557,44.325126332095124,19.14658292378869,2,High
Petropavl,85.6876898668337,0.9565085782190259,44.15333600620015,1.5281709355906736,19.9321247106532,49.929073603652355,2,High
Petropavl,59.27777845570352,19.326979155993573,80.88706448191004,6.00412348101906,43.14611967554945,37.92610112862861,3,Critical
Kostanay,90.55623502321399,26.480866759381982,48.34142118728373,5.241786131508957,13.35375037281662,70.05481020688848,2,High
Atyrau,12.349923689297402,17.633659003313124,95.92569570518751,4.877037777560748,26.73304615377619,21.71446914208426,1,Medium
Semey,64.37776217815137,28.68043542411256,96.98481623902273,3.425901760162544,42.9380714919352,0.2961925465933479,3,Critical
Kyzylorda,45.45858786682989,7.657717468781353,69.67268721741664,3.1634873581535943,16.294067130789518,13.004896474513208,1,Medium
Oskemen,54.8400263138014,33.029998579202676,94.29282296119064,0.839368917641659,47.70211325390429,27.961824093551844,2,High
Semey,72.4749446487015,-4.0084748119856375,80.86834756115965,2.1343153118901013,6.093975089069181,25.257690381639087,1,Medium
Petropavl,60.27460169550362,-5.403271165410786,63.748771278010096,0.6138266171512017,0.9137534861753116,63.30903352983087,1,Medium
Almaty,64.78327645354041,19.641146579334958,34.42463483382225,4.860628291865154,45.20676762890953,54.44485329110702,3,Critical
Almaty,58.362897839472936,32.42740136359678,56.6878354811072,1.2938992690843163,3.432433307393612,23.96450556919178,0,Low
Oskemen,49.074621250259185,26.399755773634766,64.86995706900942,7.04764545522287,49.59445979737458,36.61950537329707,3,Critical
Kostanay,92.62583767178941,-6.5612413252876856,89.11692645880082,4.423572655228739,47.5698430989553,7.644728316666818,3,Critical
Petropavl,1.464368678165342,2.571547127062237,58.506670122853194,5.747674317940313,6.851045501816033,71.85171558560806,1,Medium
Oskemen,71.81312414462724,31.864349817702063,91.81397381423653,3.5814281888037236,26.87923128462829,74.83398595588272,3,Critical
Karaganda,67.86100167875686,1.387629476035304,73.94791832187751,4.704348567507865,9.246014873357217,78.38428283047504,2,High
Aktau,85.94148896795426,25.152669070411363,30.959925044293712,7.569943827249729,21.407758651505993,69.48422646286701,3,Critical
Oskemen,71.88352377327918,27.130948816791673,99.59850954600743,1.1205052971775307,3.071256462991634,13.916871015698042,1,Medium
Shymkent,99.2158593370894,12.29534465574418,62.17861286031301,2.404533289427721,11.196229389829476,3.695718656130307,1,Medium
Semey,115.08897534768333,7.3857009431741965,51.34866371272631,6.349912451829082,18.163639819944976,46.36773819301392,3,Critical
Pavlodar,41.10291086142521,10.255599458889183,72.72910115756213,1.2405290516199938,21.932375012302742,73.00840215064883,1,Medium
Taraz,27.28211796359844,0.2134112464413871,28.711465118483126,1.0674582792808314,48.87481291044466,14.188108932779429,1,Medium
Kostanay,50.83162349045794,30.02259122579799,70.92309174026835,3.2115604906552893,40.39328228419906,0.5634331699313488,2,High
Oskemen,34.55155397708714,10.277884552839105,59.85888003994184,1.1912596885432423,36.87049721559731,64.43968368257954,2,High
Petropavl,73.79403157831854,29.71067482052449,52.53392559988665,4.888088316546523,26.852065737098712,6.14365474293872,2,High
Aktobe,109.42228906115577,-5.243793404217666,96.24160169431194,2.1970643811244988,41.99988803021717,33.096482552802435,2,High
Almaty,16.693943297167422,34.47238719500591,61.80317733856426,7.217734723995292,16.966141782785556,54.3109869751028,2,High
Shymkent,12.095352361906379,9.94728893496282,37.52939835759507,6.3762506063394255,35.4449556386658,18.94380683649441,2,High
Atyrau,30.721863822439467,-7.847613082265254,56.71707835018389,5.747789045746071,49.689198768908604,6.717005075738136,2,High
Kyzylorda,87.13147032748809,-8.289016829314528,93.55099236581381,5.1270802053837645,15.73144544675994,61.601698276466294,3,Critical
Taraz,71.1555486310586,23.57932658668274,34.08763770644757,6.975992977560975,33.70087674419837,50.41400679096331,3,Critical
Taldykorgan,12.265519707023952,19.656599039165634,37.11656309505895,2.1729654615706764,42.21574320761912,79.07923875894438,1,Medium
Kostanay,110.25006267128958,26.095875115741435,21.0423654205667,7.048316320731707,45.790379167533615,27.544642665596744,3,Critical
Pavlodar,94.8101564548904,-5.258460972123732,21.135203951661374,6.421192238180392,35.89663454700509,4.940990903215976,3,Critical
Taraz,2.7627125745165015,-8.399310983400325,86.351330156681,6.1112061979076415,14.180396170856813,58.74800282682366,2,High
Oskemen,78.16406531858954,12.886068025141032,78.56980854743647,4.709417585561931,16.314107578447324,41.73867350825965,3,Critical
Karaganda,92.54960022236855,7.441785416724628,48.40328451615666,2.3468312072795006,1.0379016061982105,17.056314511130807,1,Medium
Almaty,44.93224436645064,10.78761215019301,75.86489257820583,3.6766093699392224,38.044298883575486,62.53831912038075,2,High
Petropavl,8.270584724066254,34.62147839916233,51.61647410479762,6.451779909041012,2.1369803030975687,16.3004388679955,1,Medium
Almaty,9.27852785865447,33.68374809518016,96.2317436798262,0.7383386326799333,43.232617730137285,20.852932386634926,1,Medium
Atyrau,12.50963592621714,32.404192535293674,97.36421451408279,6.365380769478187,5.93303072372694,7.402284349337531,1,Medium
Karaganda,100.85275583765075,25.27292045454532,51.42350206474747,2.3005305536567486,8.593825606796212,31.954582322468355,1,Medium
Kyzylorda,109.28234379068557,5.967861211560068,88.33775250726944,1.5823190054120226,23.826323541611867,33.51433791499352,2,High
Petropavl,14.737293821488056,8.545891861824721,81.84712333579729,1.3677598863522662,36.894020758437115,41.16494322786387,1,Medium
Semey,28.30872415140974,14.732721967351601,44.799994973743146,0.7043750896311134,6.950110259953885,56.717141369902194,0,Low
Astana,19.862461244074773,27.374050538217794,38.563186312088476,4.426898639160896,22.003553753324923,72.48807429443406,2,High
Shymkent,22.358505539294484,-6.907922536677951,56.65877203142671,2.136949045202971,24.14256372050524,11.01872791102469,0,Low
Almaty,100.49889468029905,9.093359864819966,82.5079072491525,7.920738243347237,10.614282083429567,4.347847867892565,2,High
Aktobe,39.85756951859267,-6.282205144332909,96.81342277829964,4.808275669041543,5.777918834031587,1.4824986875466628,2,High
Almaty,37.37331168547694,13.159591395808022,81.0863255093258,1.5341395201700783,41.821046149281976,11.4897102455053,1,Medium
Taraz,27.287474505253513,30.45053708028059,88.4165588014696,5.66571905608524,25.123282488138276,52.635958862530074,2,High
Almaty,72.94732725531104,25.211821605377203,68.24514449364132,7.23307674882294,0.7190617992076487,58.19816623971973,3,Critical
Kostanay,45.51668380626586,0.25290878943994777,86.83262646737008,6.088846215272108,40.14906506545519,62.92045708224977,3,Critical
Almaty,89.30995822119466,33.91958823194566,82.75366864027342,1.0732989577958576,49.03969027072924,19.496656952347415,2,High
Astana,24.669577005076498,20.030767912089278,50.15884335410241,7.219131358944947,30.296309770712366,24.47158506092159,2,High
Astana,94.53478664573909,-9.530753527116861,64.15922416965769,6.454470393949736,25.185419354203535,38.650771645239956,3,Critical
Kyzylorda,72.44658380761668,1.4936068108348781,84.38024975917558,1.6872792507921077,43.92079315224808,5.05464774881812,2,High
Pavlodar,13.71207600668253,1.7320984963962438,23.68453873519651,0.8883941654961265,47.62583948422993,48.891321856899694,1,Medium
Semey,49.74055010443532,-6.883556217136303,84.6463425884664,4.679829314857313,37.726845795123026,78.69880269406062,3,Critical
Aktobe,103.62217687355484,33.19219331341681,34.23104992392187,1.670268585049827,22.272646486714393,28.864504910240207,1,Medium
Almaty,110.75522781581819,11.52148825591657,61.17468936971512,6.75943214446454,29.611069966572025,60.22779800731072,3,Critical
Almaty,55.884014678257586,30.31165688173469,84.66203516447501,3.187509925037553,35.04676825089996,40.002713245568636,2,High
Shymkent,57.700437370688825,4.499697655008276,40.30568625253559,7.346693335524315,9.713678550090071,10.224947548830619,2,High
Petropavl,110.21456699271613,-4.36448933052278,39.66459514449224,4.742661291057543,22.360051610821902,46.578995904206906,3,Critical
Astana,70.44818689638807,11.345124945779624,52.22115187698015,1.870042881797511,41.49106323586425,23.989941475525196,2,High
Aktobe,3.9416004292126017,-4.871951437855728,91.57142380621076,1.5469915051985006,32.73626742492215,2.7522566762766587,1,Medium
Kyzylorda,109.52993554549546,11.870697633989298,20.03542251497663,4.823543281683154,20.560203360592705,50.7943784094195,3,Critical
Atyrau,29.78717313085823,31.413373154873348,92.11064773135479,6.214127088968329,33.16812670073407,68.71458794597821,3,Critical
Pavlodar,69.31583449098567,13.434566382539572,32.304561971328624,6.361292358066366,5.911120603622994,27.581581351989932,2,High
Semey,19.861598091356857,17.742487710278755,99.20691008539856,2.5681805333096097,20.074880528243817,31.22364377702164,1,Medium
Karaganda,4.065499229591398,-2.9512703361786263,96.38775944307744,2.031850691841256,39.656426898152816,71.28173463737693,1,Medium
Semey,37.37678053593089,-8.031896835401373,59.57401516730266,0.6256722836928681,11.0254393568324,65.08870506938847,1,Medium
Kostanay,93.65948490553052,-5.013641701908683,61.01761982501025,5.59399363400877,9.298075377870884,57.19622588414217,2,High
Taraz,33.310460715530176,16.933920905796455,58.523947222068344,1.0742619382515424,47.54093299582157,19.90376510025183,1,Medium
Kostanay,26.41166568973165,-5.7244735453462905,70.83549165276182,3.6557090132444436,10.494881479311536,72.81733239733155,1,Medium
Almaty,25.521694120947153,6.919680047359012,27.25773617879448,5.012616230137221,13.045928982508403,12.35326060313704,1,Medium
Taldykorgan,61.82084188881751,14.75413732061702,22.60943586732532,7.5283170868975775,48.480796945216895,50.141641553377745,3,Critical
Pavlodar,117.06495788193075,7.489375938343116,24.616234273271907,2.838516027168265,36.735428513251286,2.304094443721496,2,High
Taraz,55.07867856204157,-2.634228934061433,55.54922793932115,2.373291218348898,34.97982665117641,51.49758450599567,2,High
Aktobe,66.87664426680574,2.3206088381347936,42.04383513755867,5.4062011571457385,42.64631919272907,22.171548149868787,3,Critical
Karaganda,103.27584214688808,31.774288978185965,69.7631649896795,5.144292740401863,5.791154111839713,35.9741581746976,2,High
Astana,64.20836627203903,20.41920240138599,99.39538314998232,2.990823374810934,35.29781182900036,27.62116416456425,3,Critical
Pavlodar,22.13554457026273,12.322152740594895,50.905853846117274,7.460763766323399,25.184430466411946,13.820540499696792,2,High
Pavlodar,35.95150941197724,-9.427829950589791,65.90730032836106,6.836467456172246,41.457532014207,49.75846320750993,3,Critical
Kostanay,37.19243115223331,34.658693022026156,53.24831167258684,2.179869093988109,25.407085933259715,70.5580444112486,1,Medium
Taldykorgan,47.67817385491175,20.215472070258947,87.78173341774875,2.2935690907589237,31.012067713445607,76.72673938259227,2,High
Almaty,51.214668640409926,4.261511480522522,92.17891227697905,4.3422526016531044,23.887106319976798,15.387709052313205,2,High
Oskemen,95.97384264891232,29.567089699902716,90.1884489764208,6.301790762980403,23.907946177792205,57.38982192503787,3,Critical
Kyzylorda,41.92643988591996,1.6294229131318136,97.94977909434061,0.8303028454134829,38.39849890309158,53.14714932845458,2,High
Kostanay,56.187819412965524,14.480746063223823,22.201534811233223,5.7000136530103,31.42832003236416,27.470223165965805,2,High
Pavlodar,74.99711844612628,18.62318436784213,87.18529297164248,5.361769230365727,31.66316008047052,1.527935948298067,3,Critical
Aktau,45.32711369282032,-0.05214828458221987,80.14177384312745,2.236100719347412,22.51412419157629,55.18329978502929,1,Medium
Shymkent,100.38777759507995,34.027877546026815,38.29555275202918,5.610147599310116,26.55547481687638,75.63958884476001,3,Critical
Karaganda,70.49443250808892,23.668635769054887,96.50560747100221,7.55137393439062,37.28588331023936,50.56960975325211,3,Critical
Kyzylorda,35.28536150651659,15.101595147998147,31.854234258395635,0.850893837288264,41.29704595559591,34.823417935010724,1,Medium
Kostanay,85.68710397477939,-1.8732430821114612,74.36399417071267,2.897390414690469,34.82807010720231,42.01231152893027,3,Critical
Karaganda,63.3177276173743,-7.576380685088824,37.991217345273,3.7863253749976646,46.20364944228415,15.970304612793402,2,High
Shymkent,64.13470695086963,4.4026924634442555,54.510451901925975,7.244452691935172,41.01620440736005,60.043533100299,3,Critical
Atyrau,57.730553806510315,23.893430116103126,77.53279175556551,7.716960849568675,28.093189490475922,59.71358640078792,3,Critical
Shymkent,59.64143385854988,2.119908423591127,65.06597136264374,3.830864348722492,33.57030363218684,11.641384030993995,2,High
Taldykorgan,91.84275372794887,14.280029922297729,54.200146506248934,6.125213091066434,46.3154138460598,70.23827059997272,3,Critical
Shymkent,12.357777519757862,22.757622952883445,46.10707447455898,4.487457678233622,30.95840221215292,21.53517915786442,1,Medium
Karaganda,40.12353735725786,-5.142532840909104,87.17277245670323,4.533372010560324,41.24034739899153,78.5804848749292,3,Critical
Semey,9.060403656466708,20.838410725214302,31.505148025185097,2.585746362997673,34.44052517949935,30.632241122979664,1,Medium
Karaganda,90.3895464896941,-5.865810053047989,54.408230122384005,2.127171843979096,27.596818053023327,14.230724698759971,1,Medium
Oskemen,32.67622256643593,33.430838395714844,92.30060574201137,2.6600400944303084,12.091909770767655,28.137608907652183,1,Medium
Almaty,107.6916491782661,11.977735852922283,87.66796403679741,4.672460054428095,21.299875973421408,35.21442629577545,3,Critical
Taraz,63.18941599911525,-3.2195751530555174,52.07534099784374,0.7186638951656674,48.38714124168578,5.544621843063586,2,High
Semey,96.08997257833452,5.407263621509593,81.04866908810466,7.304367082673044,32.88826916363,46.25747049786316,3,Critical
Astana,117.47177227391535,8.603740218286767,85.85286645670874,1.6721278216233215,28.21976901694948,47.81059518951203,2,High
Taraz,100.77466313478847,24.11832549844418,91.11099392029038,2.1506650765353994,46.64783127641137,59.11443642795778,3,Critical
Almaty,104.03925120138283,23.454070373447422,63.56046152393824,4.387071323357348,29.325589051872434,2.3335913832594635,2,High
Kostanay,48.95813944378136,17.537322740179896,36.356870884376946,5.825860747529595,26.30412592087015,43.29905715470641,2,High
Kyzylorda,66.20671143112077,-5.233117934867817,40.42472612031453,1.2179679105829797,37.96554275751026,4.232594661653151,2,High
Oskemen,30.466627685196514,-3.1793782785546885,43.65557392332833,2.882710231603716,35.63328094932722,56.09153759733228,2,High
Oskemen,23.533571963214335,-5.780938570949951,67.50419846476925,7.765059541807679,9.658000420421637,4.458238856078758,1,Medium
Astana,60.66094549272405,15.972775247939754,22.624769930288675,2.467572250857093,23.56541372870606,72.93822786733061,2,High
Semey,71.40587756405047,29.471229868013175,70.88339750239746,2.8478760879736016,23.62577214097926,56.166605350759724,2,High
Taldykorgan,40.71254950754292,9.52102305146473,49.14833907425856,6.773738679635251,18.911225762167238,40.591181206812564,3,Critical
Petropavl,68.33322213162003,-2.761832171901421,43.61934419917137,0.8766082376784143,25.864674107612657,35.320313862494,1,Medium
Atyrau,106.49525790162035,15.111904631703517,90.35972565825011,3.9845987660672813,20.65536988635721,10.45381043306099,2,High
Shymkent,66.80659017400393,26.528849758956945,56.800191646463915,3.347125733387527,9.967274473559156,23.279951165173046,1,Medium
Semey,86.4975715572608,23.37704276808185,27.604243642615423,2.874400699314884,20.618324363734054,69.5167284016717,2,High
Kyzylorda,96.63779608294861,29.665285085375963,86.13974144209976,2.642746955335734,3.61384737865883,72.35622492499951,2,High
Atyrau,118.64745383465313,2.5055943761990527,23.811300594920528,1.185305786453069,28.789293138720577,0.05981666964248511,1,Medium
Oskemen,72.38368826123755,-1.272075972950132,78.13993793345574,2.8611937201373663,42.6827274470556,47.530911318204105,3,Critical
Karaganda,96.82201787551033,29.591741867387242,81.91249774165321,0.8228930203675142,36.264354217727764,57.54404872200909,2,High
Kyzylorda,115.51791822658497,19.590214075011037,48.208208474308655,6.357228977333264,18.01970200270556,49.4997585966085,3,Critical
Almaty,113.32916706927281,3.9918018503399377,85.98302850222294,3.4867084546850875,4.353560278865409,6.534381189308318,2,High
Astana,16.929821853325628,23.405662275762914,61.25275246851628,3.829278742399337,10.107469961263538,17.417991903912178,0,Low
Almaty,48.767076992822645,26.680327301616558,57.06349226182375,7.201959398375987,27.274517024741783,20.02722139051088,2,High
Petropavl,38.87880733281595,17.674020815350957,23.632262517495406,5.435412378959156,10.352854169151643,66.53797050440717,2,High
Kyzylorda,10.431001794041919,20.95478494459618,43.20233549191247,0.5604432750658984,27.198655564248376,37.05595490471364,0,Low
Aktobe,75.98889298931526,6.886695699919983,94.48079767082399,7.573811172209637,11.579951238194946,38.94625695529895,3,Critical
Aktobe,88.30855358352028,14.24130503043676,51.34591706268,2.278583494832834,42.44619347380364,74.79144372436069,2,High
Kostanay,101.77537145602602,13.587162682677302,63.736041644541466,1.3071063856989413,19.863573642022985,50.96687110837724,2,High
Semey,14.73322675952502,28.162150600884736,62.56173431874014,6.2609613378566165,12.277531297224552,71.8934161242131,1,Medium
Oskemen,105.17328910503525,27.798379112698214,67.23448718581547,4.2535798690003865,40.61630901235308,36.52070842732264,3,Critical
Oskemen,77.15106763371038,27.470621120616947,24.90647645146261,3.753279245135132,17.141948240272537,11.954900681463538,2,High
Shymkent,84.47353621662114,-9.50357735818904,48.97410038389826,2.371273097620563,5.5743843919390965,74.39484752592685,1,Medium
Shymkent,109.27488042483647,23.72954680109997,77.85026191060433,4.606036173967389,28.52047457018208,36.69640925340306,2,High
Shymkent,74.97135252519013,24.140437554995216,36.04482008583864,2.557884539019406,29.078210221899436,14.530513750305749,2,High
Karaganda,40.30390285798021,20.527047028481384,36.28627020370884,7.261872539653007,35.73478376178671,24.19165922431378,3,Critical
Taraz,99.01287977071918,24.031909605115366,20.80724853512198,2.114033597998946,12.010971660419278,4.06420717511538,1,Medium
Pavlodar,43.56710546341086,27.888666717351896,54.99855412865678,7.132663628418151,22.188566954612256,37.464047316510815,2,High
Taraz,4.107373298463495,11.164357434580353,90.61875045387376,4.695540692955177,14.118395952132811,68.25025375281894,1,Medium
Almaty,99.67854078782997,12.592259606980122,24.15207548698472,6.713661004214307,4.047686805784406,74.68643648053515,3,Critical
Taraz,41.42305738575307,-4.387867438987429,35.28949675968021,5.846344968957163,43.83069135079458,74.6081766002915,3,Critical
Karaganda,92.86014278416083,7.341914737131283,44.806763067420405,5.7252133357756145,36.443490224417054,10.01840205029974,3,Critical
Kostanay,43.530947359913455,18.951433096030293,78.53797892513703,2.932593557712918,15.073152972940035,30.56431060088456,1,Medium
Almaty,103.32816239696659,25.117989926627352,71.25084742420692,2.254226986041526,29.968649643599317,2.2583007720565096,1,Medium
Taraz,26.341263009715043,-0.225590603895526,53.275512366548405,2.081646707605911,10.063189406723621,68.41322759771782,0,Low
Karaganda,116.94567182386439,-3.7979695378344065,80.72551514067005,6.928937427946915,44.511831089788544,28.700460961701904,3,Critical
Pavlodar,93.5710529745637,19.83689020252215,68.77048093255215,6.653201151942651,5.745317168095515,50.489362231378784,3,Critical
Taraz,13.708551110447619,-9.915405241379021,91.68326397257752,3.804301460092305,0.19185727539004493,57.191875046183085,1,Medium
Karaganda,67.89319439598725,-1.9732337061701575,85.44213993109544,1.4930346012234095,25.100409886959106,34.38757357945243,2,High
Petropavl,118.24407746900816,-8.691787884522082,40.22508848713605,3.3668918898309377,29.156391172643463,24.515386924019438,2,High
Shymkent,56.52785432325773,-2.490169696530808,41.71508621073602,5.145075906026835,28.94826601479022,76.97703280927557,2,High
Petropavl,21.85285665858999,-1.8406324033522647,30.028518063390848,3.9080236585996464,2.7255963718913145,77.15905800190833,1,Medium
Oskemen,58.17340405804154,7.445311763767741,46.95717805739652,6.351419513622462,15.702190345921624,23.154909442401753,2,High
Shymkent,61.49491870583059,8.104720610895018,99.96351349752754,7.982171166885391,24.95994734206659,38.37000773955665,3,Critical
Oskemen,89.00243330743987,29.3418111774607,52.46009348920488,1.9334906633667264,10.828959281362044,77.8275326928018,1,Medium
Aktau,83.86150237930853,12.954937062447133,37.63907477512851,3.9473811474467935,43.63129427429482,0.3894726124402581,2,High
Astana,48.30600523163766,22.55321445255288,80.99863075804424,3.7323792644061653,4.355464473071702,33.01425987033194,1,Medium
Petropavl,26.162772899290378,-5.313818893587065,63.39768027701248,2.7836939956171314,24.369222083602143,8.036603974477474,1,Medium
Astana,77.40650013231954,0.14474399586622333,31.968115962156205,1.9857163754021718,34.570802875657606,40.732637245008206,2,High
Astana,50.60447214639382,21.632454844040456,50.45517449286926,0.9926908736724442,13.087555006724122,1.973596363238972,0,Low
Pavlodar,15.873145335039647,-7.623821778916236,53.157577243147465,7.153394879177738,31.212036849875908,32.55187451125023,2,High
Shymkent,108.06867614836628,11.89689480096889,80.30637604553749,3.648865232647382,41.469257507118726,17.65592598282681,2,High
Aktau,82.94662291315852,16.971603454832024,21.653709511352357,4.226716388750367,9.516848754752377,42.66466899669926,2,High
Oskemen,81.98206277345777,17.096553982361648,41.52157174386484,7.377065361506869,45.86102959124314,79.67949192805597,3,Critical
Karaganda,98.71006510940087,-8.968023492938109,61.40770410524176,6.3221785813696085,27.6779266331179,64.04288841013981,3,Critical
Almaty,63.559401438609726,4.494860190313348,41.507739396227464,1.4787594808788815,14.961600215053029,67.65136732995371,1,Medium
Karaganda,97.80653140829486,18.642079297211932,70.27472379351991,4.740649757058068,21.542913769113536,50.82119898872647,3,Critical
Almaty,59.770890421320686,-3.2950118732840448,58.54939834196933,3.8168920738966934,15.609594189319399,3.3247878617806848,1,Medium
Petropavl,8.06104798988521,21.293704174762397,48.93682038876645,6.479083044340721,36.25555799666581,16.54381408353153,2,High
Aktobe,48.62977056332265,23.566634396615356,95.93669014964098,5.931744107089619,39.81503317075661,74.00516451576439,3,Critical
Karaganda,59.69578727758687,34.18861357007654,70.57275993491659,5.67804291433304,41.64686961593305,29.289049434300097,2,High
Taraz,86.42430979587549,-0.5571102314615768,30.395309781435298,3.0540862660992265,49.28841247928706,8.290938118463647,2,High
Taraz,12.789447615440924,27.130880044975186,64.80733579547163,6.537227977994409,39.56421462483418,56.192429269296156,2,High
Semey,16.80222463925388,13.41334596133943,82.45854825607208,0.8929347169614592,30.06920353442817,23.95661791474037,1,Medium
Shymkent,31.642056316153973,6.805816826487803,76.67917579942379,1.6971867607412543,16.96101491958919,21.508553032333737,1,Medium
Almaty,31.979807204505867,-4.493045920366993,33.76713834362075,3.017174547334338,27.22977243553747,79.83819644466082,2,High
Almaty,87.86214941508749,23.097752291939194,97.79359992320826,1.0760558080196096,2.053408639520271,68.65111400213235,2,High
Kyzylorda,30.08767926739173,0.6135919614659198,55.90509165972848,2.262457081510187,37.241253776495654,32.63502546942728,1,Medium
Kostanay,75.9717676028937,6.713990084287058,32.7220002992209,6.726132372484386,22.297777254605087,78.42089662531993,3,Critical
Shymkent,59.31286201659257,-7.18559978961842,34.41566033025183,7.6118865334255945,1.001161486609381,52.00905787353709,2,High
Pavlodar,68.79532538152807,26.061511211878354,27.858799375126438,2.7845176683064286,3.1253470755205406,59.36179615038082,2,High
Semey,100.5728355813955,24.496483578723954,84.28144867479475,2.4838685299162866,19.37332319108783,2.521043446576927,1,Medium
Pavlodar,48.525780185882915,23.012712351904064,29.762439545747892,2.5991948918482017,29.171075950921754,9.728420747844568,1,Medium
Petropavl,92.50936524771245,3.4749579721349004,30.010020571339755,2.5828931551313286,23.210197447606333,50.64681011969907,2,High
Petropavl,50.64432714608248,-2.193396658031924,88.03772918086702,0.7694763663947974,30.960215864607743,71.92191861195872,2,High
Pavlodar,42.46456518734993,18.68989690116034,47.56832675580477,7.451872597483311,24.01471293956779,49.89949808700765,3,Critical
Pavlodar,115.03526127758647,12.327487285094875,22.468632344645798,2.1027360617774633,33.08519227406734,10.721991545519343,2,High
Aktau,22.124510481475586,-1.9786389892911291,24.151623961472872,3.6500305556105372,10.956303233540044,9.26080369970597,0,Low
Shymkent,10.840435269312945,20.866007197243867,31.373635736311645,0.572651620557258,5.64215935918107,67.53487166592653,0,Low
Pavlodar,92.51831106425742,34.60068943195866,37.07146783805516,6.934663181862929,29.821697731283,11.144187096633145,3,Critical
Taraz,8.18996464249099,23.624881448391697,73.21169553907242,5.983680083411879,24.23447584681537,41.618556840322036,1,Medium
Kostanay,100.44947888436353,23.29938740085253,32.58610240014626,7.600670263802774,1.3433827022467648,2.9690655969841817,2,High
Kostanay,52.46320756286922,32.76407388187663,29.50995129416576,6.362116093972993,19.024094274651794,6.45358139129419,2,High
Astana,109.86164127502968,-0.867863459129401,81.17753131810233,2.852798840390489,5.306279274549775,53.78786141142918,2,High
Aktobe,86.58394333462867,15.449748421464818,73.68442270879315,2.3590501904631775,26.56784158763476,55.13451283420133,2,High
Petropavl,73.24856004095491,34.08410217652475,54.82593771641889,5.732872306649697,19.788883983021538,27.317552528675392,2,High
Almaty,113.91681564693188,-2.5617650063421458,63.944781718408315,3.2308458125787456,30.657595555150895,17.24878121944358,2,High
Kyzylorda,47.597924766246514,21.511338175003445,44.95872162611348,4.746612618144624,40.28011093851192,65.09682166058464,3,Critical
Taldykorgan,114.49043238475596,16.361456568735587,58.60003361882885,0.5469310326985267,14.98343419207454,17.36825835759123,1,Medium
Almaty,16.200153290544833,16.391559148491815,60.53381191861966,0.9641427626035644,48.10510520825137,43.36216557331038,1,Medium
Aktobe,58.050593031889534,21.395178238403382,50.97898169424767,4.515259558862384,26.781725029378723,77.45670726903244,2,High
Kyzylorda,32.38934668706339,31.832761529405786,92.52577685377302,4.745537348361238,30.9145399377394,11.828195028990702,3,Critical
Aktau,64.78113346898321,25.216187293310206,21.28494919848049,6.1358970834450774,34.03361866128685,75.2701013995767,3,Critical
Shymkent,19.441665346990153,-7.47387534627055,82.57370104729969,1.4897398971797131,33.33657649287949,14.631444245493492,1,Medium
Karaganda,100.98355923720521,28.37276089440701,29.950626499305947,4.348873128175841,25.548537152253104,45.39545664185837,3,Critical
Shymkent,101.56894191774687,0.1493598466579673,83.80378884297596,1.9583573332376645,21.438214555734174,30.16061695669957,1,Medium
Almaty,114.62835752681748,6.96113741313674,69.27295325413769,1.1989708967202102,2.689098208868895,77.19428812014607,1,Medium
Almaty,18.560656905988345,10.777976612557197,87.46224727491219,3.5787184554541596,1.104292265058987,21.88336232015495,1,Medium
Kyzylorda,74.79990610859889,11.640770033888135,27.801146051271797,1.7250248606679293,17.898059726638234,31.97264016686029,1,Medium
Kyzylorda,56.90847704404435,9.583117966491056,64.71845072798192,2.1633648364423896,16.683044531684633,78.62880942843364,1,Medium
Petropavl,41.32604784530799,32.1808982397139,60.087030420975765,2.881659349021263,19.384757741950338,42.917631295077854,2,High
Aktau,42.18481933610626,21.770855344881106,76.49545463706869,2.445413005573972,6.918410044409501,40.21040924970028,1,Medium
Petropavl,49.535226072810275,18.402679068051786,62.74324415149407,1.156934730544598,36.90841352684218,20.622279056319304,1,Medium
Aktobe,84.59106596267436,-7.75710874976763,63.258765370648334,1.174371836447767,42.848220738811946,56.109084824835314,2,High
Pavlodar,71.79432699217855,30.676099861716864,54.367675486085176,1.9493706142562612,46.93573176870175,1.1498361422222114,2,High
Shymkent,55.161781531335734,30.92255864037783,44.70675392058727,0.8791939096965422,24.61811517598129,3.9610103761834825,1,Medium
Kyzylorda,9.11200924435465,25.109587854354608,58.58114890017538,5.1984276475769535,35.04328495627143,47.948686970864216,2,High
Oskemen,9.331841289474848,-9.683685828387137,29.479388701472047,2.6549503738167646,42.77755617179363,27.33396590547633,1,Medium
Aktobe,0.2807268750933911,-7.422388701506949,96.92106711864679,2.5980947582680325,20.914555554674298,76.26530977607685,1,Medium
Taraz,116.12392658485038,0.13506660208203947,77.15286109012786,2.9899872067832387,15.470639743522218,72.25525525782285,2,High
Aktau,0.6304582270061898,-4.089276633479199,96.19736933502774,5.470972056572912,46.83622779267451,57.09650069413658,2,High
Almaty,12.371249521649386,7.947621336667826,38.13819058639706,7.029754111126179,25.783827553853655,65.4516464902241,2,High
Petropavl,37.75158681712931,31.518037613950533,90.34728161412224,6.193151994167288,24.8626943295439,53.38654797341547,3,Critical
Aktobe,96.89163021801134,11.242719538864922,84.70319876508307,5.956469226688212,8.920804828174788,10.046568216812855,2,High
Taldykorgan,115.45185429169412,-9.396881810552548,74.17219299661389,4.13293389200637,5.407750728667837,61.24346957513622,2,High
Shymkent,94.80162705502273,2.723556031044291,70.00233488681646,5.703541677255588,42.10534312417558,16.815357497507712,3,Critical
Kyzylorda,82.86722789347687,-7.9932291232167305,45.3239732214296,4.645717760251873,30.706658809375902,25.875428408015743,3,Critical
Almaty,62.556080089628324,-8.367056982392402,85.31286279720246,2.121878961398967,16.291229200972435,65.53873696819362,2,High
Karaganda,10.404625423462033,2.407393389299852,60.121236918378706,2.0644127580578804,9.586810869513323,42.92204867147586,0,Low
Taldykorgan,114.98049516047165,2.4025552405525428,25.67132607130283,2.722940051564626,27.774864008481572,68.79525713467274,2,High
Aktau,91.00708967348177,25.42069711707218,45.0290528684104,7.331020032273599,29.195964463056768,17.042825587461135,3,Critical
Aktobe,76.67392624011141,33.86755937515004,94.8237678836262,4.605611302847944,10.349680062252908,48.62227508855098,3,Critical
Semey,91.08430146466198,6.704319225049922,88.05442084838771,6.0042903275140205,42.5702873945737,6.70327780386093,3,Critical
Almaty,86.89239951277663,9.299909548746736,98.55245584612314,3.099190698624107,4.2132183077925545,51.44487948320237,2,High
Shymkent,76.46778957473842,28.015524632870964,70.23947060832785,3.557868279989189,17.804654258321083,61.00272302204278,2,High
Astana,117.66921602159857,2.066255904298103,39.80080585123296,1.4417418397793853,34.019220688126104,46.79447151829773,2,High
Oskemen,108.403657516323,-2.9628188018448416,33.0252039741491,1.7847121836625277,13.706018190960034,21.298520119904822,1,Medium
Atyrau,77.5997902940596,28.38903305316427,34.95315524867693,6.7051741611960916,41.38375973906359,2.5074135087093374,3,Critical
Taldykorgan,83.18102537483097,-7.907473610197053,21.58365266778035,4.8862897376666155,36.993391330020174,9.555910717142861,3,Critical
Pavlodar,6.1914967990452,17.886474808973706,51.25456887887513,3.0314934941286418,39.45114222740671,49.7842383259221,1,Medium
Atyrau,80.3900957460047,15.289678136006305,35.3142144399634,6.521384067466594,5.955326793835813,74.7536173474011,3,Critical
Shymkent,5.299852525212021,5.566420137576241,52.9324368365362,2.348899292284872,7.027356399777146,16.522752317760514,0,Low
Taraz,70.59165083639172,4.1835284493811535,94.79955454710124,7.820245239501529,14.323686887229181,58.802091928407904,3,Critical
Petropavl,119.92241994790018,24.733597678172956,54.4432167605752,3.0861320580962732,25.903858259878053,69.31608505992332,2,High
Taraz,66.69678977246156,-6.110892515685409,90.23875975878678,3.0298321561342068,37.40080383497012,41.67057427580089,3,Critical
Astana,56.78521416976001,0.6552939190123421,68.44038132927011,2.839339291525289,41.82654453804518,53.54126366749262,2,High
Taldykorgan,37.5425827806705,22.960192932714037,39.77052437291135,1.4158363694321594,35.216765797859026,65.20122533409184,2,High
Pavlodar,14.462709454375734,14.674426267689089,48.46838074073691,1.333528604990093,46.429844076531914,20.854012619247484,0,Low
Semey,87.7228405749938,-4.240530615988613,26.71356286571435,5.360787759005925,36.93717548079651,23.751653941443436,3,Critical
Astana,23.111883334275653,29.696102642692708,46.67700748768084,7.0633853341853525,15.313394350230736,0.05020133027649365,2,High
Taldykorgan,13.833842549674124,7.70515309536162,74.20327564028273,6.428903827037551,13.25406421692863,77.0475304718242,1,Medium
Kostanay,50.611519167661505,27.254076889497775,25.768887434354816,1.5583069551601332,34.80962251505449,73.40359156770758,2,High
Atyrau,95.44102055509168,25.44708569874689,36.43211267824235,4.591865913440499,9.643528434480714,61.16546110075443,2,High
Astana,89.40774577442644,18.09914509122776,50.51528331306492,1.2919365948248,4.635740540513495,6.32608167813185,1,Medium
Atyrau,6.585913757576991,12.251650908279185,98.563962961277,0.8397098270980808,26.611143742809695,35.80023117596065,0,Low
Almaty,54.61724220433873,34.07978781717906,82.78894583671041,5.422893945385754,41.082078488947765,8.151340317724225,2,High
Taraz,62.69214912854027,-3.4765717429082335,78.67893971936832,4.513642502602627,5.068992123493176,1.2736213810238883,2,High
Almaty,77.34559807509866,22.632007739800166,29.295276522035678,1.1151776390860313,39.59456618978646,49.29463721700778,2,High
Oskemen,78.02008205318738,-1.3964184340844952,82.47967148919932,0.7620443480449133,40.5786002175774,76.86635336641507,2,High
Kostanay,43.7636699348767,5.221839739955676,82.82150492128122,7.9231731005700095,24.113700004077177,72.229441874572,3,Critical
Pavlodar,67.28126328042168,3.891443451793787,68.08821564994626,0.7251599911180391,2.8655155005243405,55.74038519483235,1,Medium
Semey,57.72742606129037,32.61661944824254,99.22894255986975,3.8339618978761973,8.72949256235932,7.731246733189714,1,Medium
Aktau,106.19980278279372,33.53102800047238,46.020312473964154,4.284642684557717,35.37131375809662,21.933123013784012,3,Critical
Atyrau,63.63181591618802,-1.7643050094372779,95.30179585934813,1.379601108503338,35.58889724954747,25.604538150823277,2,High
Semey,52.923859409779396,-9.008417786612311,93.17848919652029,1.767963338297872,44.917763758383266,61.0520046196449,2,High
Atyrau,48.538253961822086,22.400361784840086,20.91845277995023,3.1385375480776436,29.134307327729143,64.17993433880912,2,High
Shymkent,68.69133113201588,8.809547024171795,56.00932211798488,6.21256907160247,6.205368385688869,30.808489839193633,2,High
Astana,96.47723752810772,-6.002188971059603,98.16833864412587,4.3031181804520005,6.070745275248607,33.43071972940877,2,High
Oskemen,64.60817884569451,20.768934750966913,28.249708992646063,5.284264059147212,36.05661786784118,3.560723142093707,3,Critical
Taraz,79.39862100966498,14.529748771731487,63.822775550665554,7.888809163180061,9.189233255395058,23.13093747350088,2,High
Aktau,88.542692028783,34.12325699004977,98.31660056328832,6.260040764849072,16.419274980830266,36.1028141742112,3,Critical
Kyzylorda,62.42017318544782,0.23342731376205172,64.43963392846882,3.7577112360591327,24.360600346095694,9.358643710820607,2,High
Atyrau,51.21804679858372,8.179004434694672,35.18522423777248,3.8483144134741156,1.23824387880756,36.2613968604017,1,Medium
Semey,105.19984534349393,14.414561152794032,66.57465840740718,5.140790577807538,12.440951350996594,68.25406498062404,2,High
Oskemen,50.10073008334706,25.626499480400824,36.35524591596375,5.490239063141782,20.394480425364,46.50568157800427,2,High
Karaganda,55.43314206907051,14.697739552402641,61.57634103155874,4.255331943775035,13.981815924660312,6.314388403072986,1,Medium
Aktau,118.84095760101326,17.580507238787714,25.92337743298784,5.33645917111235,6.818516373378292,15.333705506421946,2,High
Karaganda,0.02850282910614954,0.176617321547333,68.43861353715238,0.6764937081057407,36.40061288980987,37.9635480126845,0,Low
Almaty,22.256749149206698,28.111342763985192,61.34319513025265,3.722171479226331,40.657382758399244,28.918971985744967,1,Medium
Taraz,46.07566679036709,9.288374613671408,79.21290950091705,2.592035570551076,12.873948807186242,28.6981615636879,1,Medium
Petropavl,111.91078913103034,-3.656816761520383,70.45603769270281,1.468808339323328,38.72097473031516,42.34139585148721,2,High
Petropavl,8.403564689696523,19.88845615274378,63.96850148246053,1.2465988460658135,19.27767822006569,46.75167372715659,0,Low
Kyzylorda,1.138252035419769,-0.27592960666116184,75.1823079398497,5.0239412421100065,25.33428954270014,63.748925622095285,1,Medium
Shymkent,6.322060317267431,-5.6096870392315115,31.515353085778468,4.427004103644588,42.80005374465764,27.27732507699877,1,Medium
Semey,10.625209273634177,28.78941087819225,67.62877290068832,2.401880877472769,37.497684090120394,64.43730264324694,1,Medium
Taldykorgan,4.511612784751304,10.707301901979786,33.76884822582221,4.032125440793859,40.255842565808884,27.088898329010604,1,Medium
Kyzylorda,57.57375922278057,23.717767071309936,94.04177662815047,4.191742363868062,6.842258329317841,4.434639115298706,2,High
Astana,69.69086486727933,3.076440191285979,25.466728387648338,1.9625673532896186,3.485971291686474,44.335012080383294,1,Medium
Astana,32.60243652828049,25.413656071294987,54.429979975263464,5.39069796411238,44.67023645439935,47.032185991585166,3,Critical
Semey,47.79448607707627,-4.962883284031135,75.66379821243558,6.356895172895678,19.391713478554717,74.7632196497488,3,Critical
Taldykorgan,11.003920213371616,6.018801820768374,56.6417769334607,6.435976556671393,14.393983903484042,58.084906084997954,1,Medium
Pavlodar,40.364455659410645,34.01278180880878,27.367620258632186,5.018523730275913,36.23481271309122,73.42181219955516,3,Critical
Shymkent,62.70230299614277,25.729537236560276,64.2703212901366,4.3372893688926055,41.82077982899283,72.66777681944076,3,Critical
Oskemen,87.87261686215741,12.376516864160969,71.33055270618837,0.9575535725404617,43.12448109491505,48.36592882065937,2,High
Atyrau,0.40156344515750675,5.289986220284829,76.30338487924061,2.658734741387044,15.799857056261368,42.2209652269158,1,Medium
Taldykorgan,56.07729198451831,29.246106501011447,49.860785157020715,1.1995358508362743,42.6106195600837,44.595277373087995,2,High
Petropavl,35.64034517458587,14.518149158803205,65.09279768230098,7.728673706588553,2.046697218717269,78.26646461417982,2,High
Aktau,102.33861860302817,24.129125804109997,56.05491799511305,1.5131010966932052,2.483074572985944,61.85341533975671,1,Medium
Pavlodar,85.86639782810903,23.934845614227385,73.76448310018027,1.6383155738832653,31.175959758707723,8.501272383391667,2,High
Atyrau,70.69302413650738,-9.192444464417868,66.68455738598549,7.171824637478691,3.1553184557773117,62.274272542511994,3,Critical
Atyrau,33.27187748361283,-4.318579774332394,62.06049756473079,7.579462126073434,16.230458425508075,13.64304391185807,2,High
Pavlodar,109.24069224690412,19.6833214877634,39.96194934705989,6.243717794261824,33.6377993123462,35.78804392045005,3,Critical
Almaty,5.412081266438782,-2.727108492135785,20.161481419858713,0.540536927545024,16.863344802711318,16.83677377412274,0,Low
Karaganda,13.136111841493818,1.4972005095022105,33.92653402491434,0.5100970321742277,8.979989072004797,55.16664524265838,0,Low
Atyrau,46.995616864842724,32.59870793898232,29.365283313933492,3.335755773405881,14.067531092692082,70.18477889544285,1,Medium
Pavlodar,14.932506875622762,15.208201626871034,55.92677960087574,1.575465275081694,22.878766612521588,23.228950829334476,0,Low
Taldykorgan,114.769883707131,23.782827814970624,68.98065206094756,0.6378960661369797,23.769292767774118,6.5608592966550106,1,Medium
Pavlodar,95.758718657206,15.109133245218793,37.04680069478465,3.980500170533785,39.150011567360096,23.879447845997063,2,High
Kostanay,31.077918192217638,14.863112665222634,95.12456767737497,7.572964230552286,37.507661471575624,53.78894863457555,3,Critical
Kyzylorda,70.62650747678944,-5.763164044343594,20.53457033791102,2.9286468117682354,22.84089022780676,26.300810204355997,2,High
Aktobe,117.8796618096098,5.464843667409637,81.78408121322744,5.458555088215224,42.28336745493857,22.248973404304273,3,Critical
Almaty,106.10387737578036,2.709390440893028,70.01638156243538,5.391765148493306,5.711856929569792,14.754815246741195,2,High
Taraz,72.09581357306377,7.582776452612595,49.88438408381455,2.383100777488758,12.767667511445074,39.801314149954685,1,Medium
Aktobe,108.44687606103246,25.92548847009477,24.039115552992634,5.378189366178982,41.398823175112575,22.075906252575006,3,Critical
Kyzylorda,118.70218917760307,6.736970056258919,70.19892574274235,2.0925048071516845,18.899701931307654,58.48082793115865,2,High
Kyzylorda,89.2023387472349,10.326356865425723,50.84908102925184,1.4150556018266678,49.05907793969211,6.129792159376217,2,High
Kyzylorda,7.798369137947283,7.882162571839242,94.90137115305754,5.760374641697676,23.31266407639177,53.122642648905405,2,High
Aktobe,48.1896283710585,-5.796641261111698,63.35920599118127,1.3508061282793755,39.59678114818821,19.00480116542159,1,Medium
Semey,100.53908823398945,9.848247121285269,95.17212090348066,7.976819139420165,20.115352069118597,39.14234088412825,3,Critical
Karaganda,27.66830349660228,-1.197582712996823,37.63869547786433,1.8758930086267198,21.24767595312152,22.88719376250085,0,Low
Pavlodar,99.67710213007496,-1.5974516902131342,78.05807282912826,4.956063970673432,19.144157364209175,57.82149408086365,3,Critical
Aktau,14.440651444199514,-5.768375300458014,69.37992166789806,3.58530928559442,35.953781025540586,75.62456322013094,1,Medium
Karaganda,5.633442857737561,6.050193836379414,79.15265838650495,1.4478981680425034,27.375894202999724,73.36614235758506,0,Low
Petropavl,46.09087337894995,24.086684815523782,37.17342911780294,0.7088293068306004,47.188905568418456,46.67409721152729,2,High
Taldykorgan,4.407832491193635,2.4398760762528227,73.1995612990219,5.1704921171962495,12.544515826705238,37.00882426055827,0,Low
Shymkent,114.87243155799908,4.05570958484811,59.84323144454952,6.5506817284184455,5.028136604172218,65.46404075515055,3,Critical
Semey,99.1446834952759,18.92035959525906,79.4259979925053,6.81511746130058,19.663074254960762,54.66610901021839,3,Critical
Taraz,96.092362455585,-1.1871634335886512,46.163571532145426,4.1203510480770085,30.8356353823388,14.685129137354629,3,Critical
Karaganda,75.57335075953837,30.363106869059045,91.2045620372202,6.330916003867892,43.03994684577475,65.67353708904002,3,Critical
Aktau,25.958882764386424,13.40857354631995,26.74410516890803,5.546353501164085,17.309844334016383,34.31075115157682,1,Medium
Astana,62.191244001167064,10.142132314409764,84.57514550329505,5.9319089562434995,32.68933755622308,15.118852797694009,3,Critical
Kyzylorda,71.67288869164092,15.101908636814063,88.90557006520726,4.194492539163606,17.509934051160954,22.543788031719394,3,Critical
Atyrau,63.00378010323218,-2.528455896271204,85.3801849093457,5.250588051815953,30.860979149722905,21.402162419867388,3,Critical
Petropavl,31.228004154183274,17.606291238762932,61.01811154094208,6.541444351820427,44.24039735153254,41.53655796827681,3,Critical
Shymkent,61.82975091776711,6.339533148530471,55.07079840246091,3.484131316677673,11.567882112970452,18.749607254230042,1,Medium
Almaty,58.94236090423519,30.373385343407854,99.70098292199015,6.544841756506878,20.212082105351957,9.885318992126093,3,Critical
Taraz,119.56029309680692,-2.401560699504124,38.33375609713297,4.9401263209179715,49.66325982148733,9.895268049100858,3,Critical
Taldykorgan,107.69233776554447,12.817299673944849,63.750077270083565,1.7442576827808969,43.42785141247304,46.66209577112773,2,High
Shymkent,55.60568978587439,16.91506832160581,73.65404203058604,0.6851311791843846,28.231992894810098,58.780743107950286,1,Medium
Kyzylorda,74.75248595221424,-8.497737919612845,76.06941086891456,3.2206520029936403,25.831379592713766,25.722640707067264,2,High
Atyrau,89.74459249106742,6.366190614026312,36.32197325908629,4.600222462222549,14.23001911523405,2.772056785121366,2,High
Semey,4.183819228058989,22.968585561537473,72.3195273871841,6.7986526415261626,25.86047138467647,10.177990954960858,1,Medium
Atyrau,107.39057294734079,26.9169878352038,85.46956531850698,1.4561426010518463,42.40907491399736,73.17556482696457,3,Critical
Aktobe,103.21521797015085,4.092289766777705,24.00148614568898,6.5015476076268435,34.25872566388903,39.48349276715624,3,Critical
Atyrau,54.89185173284488,25.936697257223805,92.92170346602532,6.972567845504202,14.502201408899328,36.28582476921398,2,High
Aktobe,46.94037192964557,33.5490144696525,22.360324411616475,1.6301561525062533,10.073196052676646,3.043934264807273,0,Low
Petropavl,32.75512498275779,28.559327123379234,48.47768259907155,6.886957394781643,13.260426849841455,58.290961785351925,2,High
Semey,57.20121939964421,-4.706020532830366,21.265055698636964,7.935901758820941,8.487960069641327,42.245446474566315,2,High
Taldykorgan,5.3251996239884125,23.28786494384933,26.17161348316655,5.951291232861782,4.782034801185797,16.166474886921662,0,Low
Oskemen,102.26322400164094,4.385007459824513,92.89346281440632,6.38577261368741,20.95680872210275,8.805900814484575,3,Critical
Kyzylorda,4.250684210225408,34.47871952354345,48.388866459691826,7.958114506691551,5.664980219913385,30.67102909055988,1,Medium
Aktobe,39.48616384438452,11.841154242194921,53.98172243400423,5.04110937894459,8.595627886355217,66.97295713560206,2,High
Almaty,111.79073859827879,-4.490474573847654,37.22755051060421,2.8091478651218704,27.366234216974306,69.22356473608195,2,High
Atyrau,88.22551854281433,22.633349661232586,67.76766161493758,6.781481255570418,8.229963684978737,48.22771043165091,3,Critical
Atyrau,33.76691526930321,4.535503927379622,67.58425717422317,5.108643331337234,3.1939883715451423,58.20291417841141,2,High
Almaty,30.31789127530621,34.86851706867478,49.77603134601754,4.858965677907174,15.86944250139426,9.212462992229629,2,High
Taldykorgan,0.6098567781631159,34.090210603453485,46.642789744431866,2.402266666355287,11.015954931098376,47.05008523742839,0,Low
Astana,83.48571514197002,19.52603081092613,90.79714465444702,6.17250702187165,25.765259399718836,53.35725627897454,3,Critical
Petropavl,5.854029800780771,-4.157809797172709,50.66273917137611,1.112504568950722,5.118354229160466,16.05702743310338,0,Low
Pavlodar,63.91230232809145,20.90874489537631,59.48007937235266,7.4321530309599595,37.58853938414891,70.41237863282072,3,Critical
Oskemen,115.45463671104598,-5.813628109298776,42.66438099399445,2.9436759557786356,45.311675971756934,15.59973900168158,2,High
Taraz,13.136263206534466,-8.678612840392345,82.94156026857019,1.4583098959249283,37.17175869780972,25.078188787716034,0,Low
Aktau,107.33759171616809,27.033130079966874,51.79585255192733,3.817748998268141,26.641351870069713,49.64454776187669,2,High
Aktobe,118.97704021740577,-0.5611173542343391,61.08888372354596,0.8185243194239986,43.03339108944426,51.068005210458466,2,High
Almaty,7.382043148708206,7.056220679859383,40.26857360477291,5.634696456987247,34.74591898907538,55.95077927898938,2,High
Aktau,105.94875229649536,33.805582548927795,99.01276738730014,7.270291328340171,0.5275561225094927,8.960937045456454,3,Critical
Semey,61.929482453233994,5.157822583749647,43.31965927389783,6.779472553538816,19.704507638725154,67.95715439428443,3,Critical
Taldykorgan,108.7816463333496,3.342040157749187,81.65940247244413,1.455271050859108,42.54759497034,42.62777058266079,2,High
Aktobe,68.55827303034889,31.31935998302488,54.19965202854073,1.447033528307989,17.292942898763464,37.70574352840547,1,Medium
Pavlodar,79.45344121278775,-5.016319960646885,36.497392406731194,6.60075861743198,1.760758676276175,78.48780996108077,3,Critical
Aktau,65.25346895968791,24.181208455158433,83.9775011171889,7.431907059523369,37.308981927613615,59.230263755281584,3,Critical
Semey,103.73914563688182,34.46295049937483,46.68854312232345,3.9550237237511685,40.101913514143426,9.44048212954999,2,High
Shymkent,88.06919027444421,30.558320484859195,89.21546779182489,4.242283376853244,8.029684752165428,60.52313337809926,3,Critical
Kyzylorda,62.55123746164979,19.325056341789168,93.22057479342584,2.8869653103929442,26.86702484215906,7.619914717829559,2,High
Atyrau,104.17929648618563,4.132735774672939,88.78590683130207,7.206988386923105,9.597771949786289,2.1976450010387882,3,Critical
Shymkent,29.434263870640148,1.4444891530242518,22.800633184544452,5.336771789692669,35.96172095220734,32.29007162159177,2,High
Aktobe,18.880879164303117,26.866479719215754,82.98986760040845,2.6618868287552635,13.577522758874283,79.48625382553749,1,Medium
Pavlodar,19.248012639608653,29.59198612782629,52.907157319931514,2.740871532906887,15.810756128166503,13.990714895589011,1,Medium
Oskemen,40.08106544942854,13.644571064556178,89.897833614578,7.184000547977018,42.248542682005066,53.811547482143204,3,Critical
Aktau,28.642803756122102,0.9952973353909762,71.0363410147791,0.602255179293661,23.816117610345216,13.871685296489549,0,Low
Petropavl,111.61084206116864,-4.91755562149719,86.69145073151667,2.920449295449788,33.48772256091239,57.98295799667088,3,Critical
Kyzylorda,12.70009125943008,-6.076923947567598,59.95454158934683,4.657675109122768,20.11865253612338,40.428293459026094,1,Medium
Aktobe,83.87888856475053,22.358485130923505,62.80204036791463,1.6116309657449346,14.90034285968777,54.3977368071501,1,Medium
Taldykorgan,22.706584774200707,8.905342753147625,31.55101057069338,1.1907406564969234,31.273903021233068,16.229854073138767,1,Medium
Almaty,105.79645593244202,30.741194342504166,82.71898869514843,6.6145724831792,7.742878703941064,59.650266601640155,3,Critical
Petropavl,115.35783458218889,23.285208532704367,53.55116893335773,7.2080329148638045,18.64999177834315,79.64952476981654,3,Critical
Petropavl,55.85640105239803,-1.393281193843599,60.006409461726605,6.677048155986421,10.451851869296114,53.25204005007678,2,High
Petropavl,105.4885776273758,17.619983846706457,82.8078171276566,7.240909173030108,34.789748347037275,39.47839984583021,3,Critical
Karaganda,0.6174204905657721,9.59774544791717,67.90763200635512,4.648339782937787,47.21044191730538,73.85391908954118,2,High
Aktobe,98.39363008897202,15.97623788458759,36.087898195413395,6.5919359074275645,49.77554840079332,1.268147378550104,3,Critical
Kyzylorda,27.435019382990824,23.213110550233274,67.21861273207142,3.380319787933253,22.513840522079537,58.393881542865685,1,Medium
Atyrau,109.04415711232414,26.278814645170584,52.61062863837246,5.497008961092789,12.626519481822223,71.09972134510502,2,High
Atyrau,0.13441337761313843,27.96817968830259,57.56204336350901,7.916266485418734,22.141468519216208,4.933966689676597,1,Medium
Aktobe,66.74180820477083,1.4288693557411118,22.26490195221342,2.1929579287934557,42.36347049813619,36.005133633260655,2,High
Semey,90.79629645419216,-8.599798003718904,36.80234796130253,3.4242480971831046,10.300283927601994,16.37755631599991,1,Medium
Karaganda,31.042599683748957,23.26826308241479,42.48304651048226,4.100355329825643,47.60478258264619,45.321453247026405,3,Critical
Almaty,23.175943750475167,-5.214532318490143,77.03680062870447,1.535116152650388,17.09328843990755,51.963436688292845,1,Medium
Petropavl,10.091786936158158,4.1713814875835435,20.919397863849227,1.107789578487926,49.29018297251525,24.2098546343004,0,Low
Petropavl,39.17202918039516,-9.828228964404378,52.70218089833057,6.722921497412183,41.93044437669811,36.79853357424807,3,Critical
Aktobe,67.18131747705954,20.675126708072902,93.92214963405863,7.825957796206897,40.428526707369514,22.34715882212476,3,Critical
Semey,13.901262813630918,-2.4790594837950435,28.95044932392991,3.53543797872244,15.89523368866418,29.551293156409102,0,Low
Atyrau,45.20344343841585,19.487708436124617,61.31395105748888,1.1573737714598995,0.4388605973964732,12.763196535073886,0,Low
Atyrau,1.0886885583269956,34.62841777255275,82.92179059126777,0.9935882051793237,19.106645441299392,70.84475548685052,0,Low
Pavlodar,98.241530459981,-6.729810777549267,95.40250460160934,7.18488654770224,15.090468483134684,0.8008328447309143,3,Critical
Aktobe,15.413846171182964,-6.531489462184269,79.74213116269743,3.9786068729575996,1.8698495204398646,70.59273491550309,1,Medium
Karaganda,34.00115379186979,5.31710417000037,77.6452438915525,2.9002048742179394,25.268262825296482,45.73431026797908,2,High
Astana,2.2113262485860963,28.987393141310392,86.119047215661,4.0734595342954965,20.15156556413683,26.5326275341614,1,Medium
Karaganda,51.86889406710148,-0.30115590439006645,55.69609767820349,2.887280710192605,31.72782338707624,57.84457003682638,2,High
Taldykorgan,100.81458032894625,6.217001896865639,84.46756260942665,4.16776831480715,31.05931610970416,40.62017214901314,3,Critical
Atyrau,47.05814537342359,-6.917256701785919,20.637152379636092,6.946672976884527,6.037331794834006,39.92869264860852,2,High
Atyrau,21.539678810860007,24.34198810665002,93.9648844301444,4.942260282965718,48.84827730633113,8.811382633517315,2,High
Shymkent,90.4438600860623,8.3737854241753,55.464520761374025,5.709903296076315,9.346571472072347,31.161282075632695,2,High
Atyrau,94.65683782448932,24.16619298773793,64.27041502925981,3.2350300717575244,22.263701238235228,19.285147668538933,2,High
Almaty,20.850417036908016,30.66235299560578,40.390579913190585,6.03879408882889,24.405877171686747,1.2556724477023717,2,High
Taraz,92.50249302491878,0.47434161955799325,79.40246662723371,5.499628136595293,40.653139860706005,28.80797046256906,3,Critical
Aktobe,113.67574659076055,26.33282136529781,26.130864518019905,1.3967149831404233,4.961479804732338,7.18577035404838,1,Medium
Aktau,19.96531043187268,-7.340774946478603,89.81086420374682,4.794821398366884,21.432213960426587,20.546403018014814,2,High
Karaganda,92.51811510385626,30.448132468111133,86.24934632050741,2.425576222323185,31.425108511810194,7.401329694647556,2,High
Taraz,85.02864055231552,19.28458464014363,37.28480929958131,6.530717522251946,10.757781081202777,8.075330044511908,2,High
Semey,56.828866612210625,29.34020258622582,84.74595186282099,3.694532813502046,31.37339493830364,15.920903553215062,2,High
Astana,6.950455267055795,-9.991522019953814,82.90861864491852,7.960131238973654,46.18324187748264,79.98793955891202,2,High
Almaty,8.96333013094248,-2.3913518339803366,70.57732782031593,1.1937532845422285,49.87590655863375,0.17473142857990176,0,Low
Kyzylorda,102.28975910383772,7.5391724341921424,49.881614151975,6.352608970551189,1.6225538395337857,51.09381088963242,3,Critical
Kostanay,118.81780473007764,7.077630651862336,41.71990033454943,5.5527630015661735,11.779411412233875,11.299495842124587,2,High
Karaganda,81.12627086241054,0.20286723155797937,38.542687223148,6.256241229430291,15.515355789584873,73.65025093686207,3,Critical
Taraz,53.51499684123858,7.1725372940240035,45.488717021088576,2.8064734661784225,19.956305022248305,7.490631466690338,1,Medium
Kyzylorda,77.70883720822891,-4.201807959988533,92.28467547460242,4.190408670368004,12.11285787923837,76.40505497009892,3,Critical
Astana,71.32750310742544,8.574250816971173,26.211262079102504,6.473813897927813,10.174399727765627,48.87411099867823,3,Critical
Shymkent,46.033471248674616,26.10594481216689,86.30970210023669,2.2440599871564126,47.727692120875,0.10144615323921968,2,High
Kyzylorda,7.8751373488815535,11.558152839650806,47.91120600334588,2.1952489759148905,45.92608013852589,71.52057583334448,1,Medium
Almaty,98.58155368889291,-9.189995997465326,61.72795168090865,4.6328821497119925,2.3496250501558738,41.736944109353466,2,High
Almaty,44.62002350864695,8.964981871066133,83.55885069187926,4.426726846473919,16.940651080242407,21.013578826438764,2,High
Aktau,98.25427720285124,-8.777124275912012,90.7501237618377,2.6169685280969963,20.25742768392033,61.38233420125041,3,Critical
Shymkent,30.301049962605866,33.48095348180592,47.58251360581176,2.735567378936171,11.950726733297168,74.1332443109496,1,Medium
Kostanay,0.12353758147600757,-4.264571825970896,56.94747850200883,2.583838724049241,31.443644849408773,38.695265851743514,1,Medium
Aktobe,19.07259399321078,21.84597468487784,53.16128518534338,6.286340464988657,32.01903733221205,25.244277955448872,2,High
Kyzylorda,56.224730012230125,33.77493453014386,21.060082680312846,5.389256491718455,42.525211416429855,63.11560991479414,3,Critical
Shymkent,113.31643619493958,27.17175732499573,43.67543110869253,6.743128875576895,37.04346341926089,54.54283982307637,3,Critical
Almaty,12.263234363246278,21.469191880679166,56.73513869860494,7.8160477123551635,27.12866634829778,71.10019870002179,2,High
Almaty,102.50517293538792,27.775740927534514,52.88748871043518,4.056232222039898,32.67933850222099,55.40112102089544,3,Critical
Taraz,63.24289154542345,34.18094119672824,77.75433820125436,1.0002041105408663,13.699439077150904,19.482267111962905,1,Medium
Atyrau,99.1104918959876,17.960502376408833,50.78428937768826,0.8606923280902657,29.652809498367883,74.53273998072152,2,High
Kostanay,35.80493171879911,15.16331630731969,59.15011591765362,2.7174877945371434,24.46136273749596,8.386859776479305,1,Medium
Kyzylorda,100.79365976069663,18.270714970847663,54.36868737058907,7.494084420143381,6.66722336581852,21.43542000854783,2,High
Aktau,92.73873360201654,13.970414904269973,79.25009191154965,4.424097912281562,12.127213829148536,41.615568617910846,2,High
Aktau,27.60644196377207,18.579009765937347,89.037791918957,2.5383988706009686,14.584672536079301,45.25936208567211,1,Medium
Kyzylorda,15.760215169125367,10.242899358765165,62.55112632060113,3.4937509588326465,46.2154783526279,1.2248469301524345,1,Medium
Taldykorgan,104.16651870387514,-0.17005677025118082,83.1545755356153,4.989463305535031,11.519331969294472,62.4458180656752,2,High
Petropavl,115.58839841281582,-4.588874806974596,43.742934561588044,5.397122436033817,14.462195140983408,28.92858547403116,2,High
Astana,3.756277649701949,-6.924657901048282,63.309568812581496,1.6543963233717878,18.467706504471614,32.51348328017102,0,Low
Aktau,87.75240803684227,1.8492102688940033,47.6183962935978,7.82773757408882,33.18713693126935,64.74956355495566,3,Critical
Shymkent,109.1429413137382,-7.924439604891978,53.136074045746426,4.5857917023709165,5.911919623607026,30.342671338203566,2,High
Astana,102.88321105109983,15.522685096372353,78.59310918501349,1.5176623834420948,47.6972606246888,3.7779901195803856,2,High
Shymkent,115.74245667242502,2.772280116058413,90.53299858661701,7.202264400096003,43.27856100473822,14.115181637628025,3,Critical
Semey,91.21128941257166,27.104066363916445,29.719631287021233,1.059788233095716,28.860803650447508,76.47225379105458,2,High
Almaty,53.07585148570923,-6.65916071552261,70.77114051899045,7.3080157488313455,33.701893371247834,5.632428992201133,3,Critical
Atyrau,37.43423885941566,0.1858172453668665,66.57150460622388,7.974242422167368,0.8330235622107995,28.394496077441296,2,High
Taraz,38.48912885257529,22.86107661905657,29.473203134074552,5.753238493673779,16.947238767422434,40.254333364107566,2,High
Aktau,86.93072071369403,16.946373337257114,36.951546435208726,6.278354158054923,39.7830115330721,39.4624661870848,3,Critical
Atyrau,89.50044144371572,-7.0978927937874605,44.88019957861442,3.0297712735061477,3.8741486896192945,0.3167954409714202,1,Medium
Atyrau,24.043097225845518,29.47577557229902,33.35448566540012,7.561826395504503,14.11569171053601,40.09301851659923,2,High
Atyrau,104.17473761886372,29.47677932717808,39.498358601947345,4.472854745812757,29.264841416715566,30.70179663819274,2,High
Petropavl,85.79088482426971,4.868360174409823,41.4080639089366,5.992913349481661,12.820651384947091,77.76634683796458,2,High
Astana,67.53003436120592,5.318262950730411,46.85390664312477,7.430807869334596,46.69889870722596,12.732726719506386,3,Critical
Shymkent,56.58389521230153,34.50627612575782,79.95123622409272,7.813849819816312,6.5529315402145185,28.3323357407596,2,High
Oskemen,65.18793669479497,18.17792772169122,65.75297630804806,6.749032674475058,39.86971789538893,33.55851880718558,3,Critical
Semey,19.109488593511735,13.90924342556266,98.89973375611211,2.772631302365225,25.397434595320412,31.255482968075903,1,Medium
Karaganda,24.444149913152906,27.716848259836603,53.17886615739768,7.749106374140617,37.5165387909978,53.266466212149,3,Critical
Atyrau,10.939738848743001,2.838065226079239,80.309205906954,5.210896484326788,15.535766415572372,17.241028603821505,1,Medium
Aktobe,18.438964579333522,9.313216702836058,89.7174737101227,7.479818572639699,25.72448011560194,17.685724225119344,2,High
Astana,54.44323615263392,2.0499503969750386,74.31827944304335,5.570787693607639,42.841767486158815,58.33687588006825,3,Critical
Aktau,63.64252724739073,25.512238096492915,52.949179233399676,2.8042922138579036,23.34390495615522,40.02324149425437,2,High
Kostanay,2.143427097398325,15.80072055358481,80.28757045966023,3.2751839310711195,17.985993095513482,33.212454084584834,0,Low
Aktau,95.6157393436833,19.647128156303175,36.29337102181479,4.628538328272054,26.807769312636804,13.536244134180144,2,High
Taraz,35.30015680121735,1.3538262427732946,46.204173214410595,6.425111311699115,35.868137651818344,15.002177832973329,3,Critical
Karaganda,109.42032419518932,-0.08986143802082047,63.734820407943104,2.884869135052512,22.178167274925137,0.8441309452720436,2,High
Oskemen,116.10135163365332,11.976858304232241,66.03275098289187,4.847983746006441,46.94384875711365,7.314101508936739,3,Critical
Aktobe,22.25506496119852,23.190458709177207,21.771318037810357,3.0921874518230115,14.747291202117102,44.54709557521929,1,Medium
Aktau,55.45167489187928,13.635789088407208,95.6091351004807,6.618270534763304,23.77318030845602,71.34985040067279,3,Critical
Oskemen,0.1478202199711065,-8.530944510444913,75.7301816973912,4.000460703259629,37.846382967072074,22.973181210444594,1,Medium
Karaganda,71.79927181469124,29.084817784412998,59.656300018551285,1.0754212013966393,34.45605452478791,26.21977807169025,2,High
Atyrau,72.87677379152055,-7.089089791819079,94.65017875266467,1.7453939111115229,43.18205262085781,9.248448848920976,2,High
Aktobe,29.70479467240502,33.01210176743385,55.12764522006628,0.9582850071472422,49.84045903405544,31.090475648568223,1,Medium
Oskemen,67.00952070998375,-8.868611877522728,98.43484562162973,4.2447720951074395,21.34291643975448,2.977736365546333,3,Critical
Taraz,27.06481709324825,21.250270525881895,60.982780579478806,1.2975297301117037,5.557543989165592,73.40805570095202,0,Low
Shymkent,19.299056289382808,-6.3006821329698255,29.142861599838355,1.3560497698222407,1.5207940403983988,53.848907849962295,0,Low
Almaty,78.18233601627176,30.98044607458128,81.18407779674217,7.557861950287828,36.343845306988584,79.25990475145751,3,Critical
Shymkent,39.11105567424899,10.899495630149424,74.31181800622724,7.044913041320416,43.70068356543578,70.6258530142795,3,Critical
Karaganda,70.8316726662747,-3.8114301332343077,81.83893770444695,3.890649476085245,11.035629297220934,37.83924749585221,1,Medium
Astana,51.98960987659867,5.336706490543097,96.11536229805449,7.893539906376543,7.922401859495299,41.57480249203015,3,Critical
Almaty,118.12216888834847,-2.582889609395708,82.11914421208145,0.5013989612799734,3.1102545762845493,15.246083721375507,1,Medium
Semey,17.949677120107893,-2.323813979930949,68.90692817733175,5.104845922050453,41.13514608586032,36.96314742716445,2,High
Taraz,55.75183159629722,32.6648744077149,88.58471218886727,5.123211330289026,15.569096994629216,72.24222987942494,3,Critical
Semey,81.65479516311903,10.036075052815466,73.85971514836253,3.9308229190241617,20.084844637988823,4.06827389086569,2,High
Petropavl,47.46541006559624,25.496101875741182,52.64952454607385,3.4771097970071962,25.137509580480614,69.08454423986478,2,High
Aktobe,116.96398222448278,18.782250252995684,90.84958113934186,3.915373516104557,41.97266171047754,27.27582413140878,3,Critical
Kyzylorda,86.6265153512322,20.43918630522765,37.75203686274983,3.6122032705976035,32.54166107807425,71.96102120770479,3,Critical
Almaty,78.83806290773917,-4.073795268758267,77.17130199269793,5.978693581117246,30.753231492890563,75.27039250731877,3,Critical
Semey,90.8471121133468,0.5383001066968554,90.52507639526056,1.5151657622996304,8.783604997795535,53.66919096015248,2,High
Aktau,114.31783656464604,25.403765081949665,78.5053215762637,1.9822941544334762,25.659494585491487,53.15390292741423,2,High
Semey,108.93823835815682,33.684479291365236,75.78203352430856,1.853886712943177,35.76905085893276,36.22034701669921,2,High
Oskemen,86.91423697516943,1.820403916939327,80.21106352574688,2.468529388409484,48.66304415152459,66.8432179634966,2,High
Shymkent,89.89939669215397,2.2205944137967943,57.20441986405155,4.439438140861874,10.070315460667612,76.92902067466265,2,High
Oskemen,17.510648884217453,11.280370976490719,89.93365457256208,1.3340656050366404,0.47716765336133227,62.006544027129536,1,Medium
Petropavl,12.335088539119884,34.272814078494704,36.2749180108873,7.011269714948781,3.765071679923487,49.75493870053674,1,Medium
Almaty,68.50854022129971,2.103152562191198,30.190913280027143,2.7302114848135424,18.79262325909896,48.54343166570694,2,High
Almaty,2.2041164328648,8.313735933541874,42.840702409480926,1.7190349060153087,41.02723238729936,67.95759212669299,1,Medium
Petropavl,57.88276578619099,30.116600703057806,62.526191741999455,5.567159821986825,0.3571040884122523,43.29630126170387,2,High
Karaganda,25.241949590264234,-9.86855353203871,60.84494363274705,0.7856472544948946,22.836529644292014,64.30879089990582,1,Medium
Oskemen,41.52198811738075,-8.21053157551437,85.64790061412693,5.149764236556232,16.461530767069725,40.71082041393966,3,Critical
Pavlodar,93.09656829515473,17.183225468204864,52.365492512321396,5.736488230073748,2.624085504986379,4.99554199791393,2,High
Aktau,112.94850050788638,30.832107412078116,58.747554103320695,2.111873985400394,22.511814333630863,30.71576071233242,1,Medium
Kostanay,8.68995265756098,0.7485497180867444,21.06941466075165,0.8147305508272571,12.737435366835943,35.5552766137199,0,Low
Shymkent,64.10906471717341,11.133879860631904,52.77913891543513,3.227340191895872,17.59424171735032,11.329379598929377,2,High
Almaty,105.904018298352,10.270938574601821,71.82193863602737,1.2394567268145236,35.28076523921465,8.199706335137025,2,High
Karaganda,9.901024132850553,11.283710574297956,21.240666450127375,1.373583872550028,26.077549195548354,42.83719597255633,0,Low
Kyzylorda,98.94168562762006,18.013386307838534,42.4705572148995,2.406959235836484,6.232371449640667,6.811490924486572,1,Medium
Aktau,42.93616211139256,11.138469334580769,36.6365087431512,2.7160094347006947,48.07072702118195,24.235613431206716,2,High
Oskemen,38.65136426632024,10.1360663595106,23.35883431276706,4.474777557660655,31.79553828548692,59.56775807704608,3,Critical
Shymkent,117.29596635777429,11.342978919406722,58.340807193163,5.5879391412725985,38.29342128312658,77.15457436543846,3,Critical
Kyzylorda,24.103090783475302,16.589034857196868,34.53786345825252,4.945782056526386,3.9606575004185407,57.42964644415429,1,Medium
Oskemen,83.18327289872171,14.165336975811126,79.4465231705104,1.6127025296713762,2.3529189730009445,79.41004387622962,1,Medium
Semey,98.57288736118397,28.436119894272693,87.83423070106788,1.7906452433946982,0.9724025184040586,55.867037702352214,2,High
Kyzylorda,4.942019433512601,-7.7726415927850026,63.646814613531824,7.090769373446859,9.439701388672223,23.503557652346203,1,Medium
Petropavl,80.44625500252947,27.499268216285564,98.53658740169132,4.687642362980853,20.720419885924755,53.764203240428955,3,Critical
Taldykorgan,114.18599692263923,27.97660756752758,56.038285717647625,7.024533746732668,46.79130667014114,56.172541215752304,3,Critical
Karaganda,14.906396007367121,2.8208609688932373,61.06945681799324,3.286598834899058,22.852982963288817,29.738158769316847,0,Low
Shymkent,107.5465563222046,10.828337975713278,99.13742031662001,5.108000055734928,14.51275526862647,1.4171080487511212,2,High
Atyrau,71.37319648523233,9.734231984184596,38.52387487720391,4.427475620409581,28.096762675983168,56.255982782038956,3,Critical
Taldykorgan,73.99254982349689,-0.1670574540641372,95.40367517415243,2.893426173653469,5.596728906739462,1.7360076220433296,2,High
Aktobe,73.55330098387272,7.8558581188842425,23.42700440952906,4.024365290251965,30.47529455024916,50.49504624480569,3,Critical
Aktobe,35.86030636047766,-8.00255025231155,55.71095122105558,4.26868157620199,28.421597716525167,13.089319099404406,2,High
Shymkent,112.22421783593516,2.50199327517805,25.60028097064526,2.0057823106750896,39.59965167028548,45.24828221984347,2,High
Kyzylorda,113.68205551572464,26.750697895282315,78.33877943309145,2.862577792825487,49.3343805808512,40.313042030448,3,Critical
Oskemen,75.03655922567374,2.8053035793303884,68.67271487040142,6.435573128802317,12.543673585805525,1.0810913844946057,2,High
Karaganda,94.01072711299376,26.81930009367114,76.53074107740771,7.368411795905954,25.48282254018803,29.029265359608274,3,Critical
Kostanay,73.47095830573896,13.92197590719939,49.95843199744136,3.198455701589746,45.44327031595018,48.08729339170422,3,Critical
Aktobe,58.12781370888487,29.5938204812522,49.55855472251042,2.8022921165676364,39.25949422114206,67.88852415190237,2,High
Karaganda,79.29841419591008,15.865079941898685,23.625542316871567,1.9639787342891188,24.37031515504038,71.09136910692138,2,High
Aktobe,66.36017431103501,-8.664929962086708,47.99559516237118,5.5886837648793595,47.26858248073889,38.70799760265786,3,Critical
Semey,71.69710351583161,20.393909339619015,94.34307218096475,2.9232477624975295,2.861834675840469,58.273798983955054,2,High
Oskemen,94.05990641026344,-7.981589438939411,50.33812297443592,7.908121543243913,46.5499309856292,25.316366122676612,3,Critical
Semey,57.70845977387818,10.27686585424103,86.5094164977576,2.9426360154796494,2.5253696191403274,27.374912460692595,1,Medium
Aktau,4.890492731096732,31.824201251290127,87.38604037999472,3.456020350869711,27.365237205734218,15.5570815345851,1,Medium
Aktobe,19.67993771873967,-2.565822729796743,49.859292510338705,5.0250064715902605,44.52204740005429,44.95584879945915,2,High
Atyrau,52.632865978744604,7.544255882369484,70.55909443169512,6.512632198934787,13.13604717806514,25.165132074189216,2,High
Atyrau,86.979187184887,22.843713898181527,27.62972818184469,4.021389990092253,23.612424947257928,6.749671715080403,2,High
Semey,71.19343779722145,29.701635024268143,28.29428645874212,3.6699202534171875,16.21644395684833,54.8004869330543,2,High
Petropavl,78.03530230481446,20.192435213412857,23.892613092937065,7.967283751961062,47.60719585381757,56.62025660843185,3,Critical
Taldykorgan,57.51347142915448,1.617796438602614,66.48120747000875,0.5787023085495833,41.18227973765454,28.799393502324627,1,Medium
Atyrau,73.88904263306914,20.35735338122973,54.085678210087764,7.212989666384344,35.45007556631898,6.137871956481824,3,Critical
Aktobe,39.48209253775946,3.3527438496840496,63.84258853313921,1.6185561945480307,29.381349330755434,34.103817392274074,1,Medium
Shymkent,56.421911123599806,22.329315341843085,61.68585524067103,6.39443957156685,41.029589466207405,35.38683664401724,3,Critical
Semey,89.31348787139467,32.931490741326826,48.01623928725842,5.134486698847235,19.613352076177353,53.493670791831434,3,Critical
Aktau,104.61993347677453,22.462705299782975,74.19787318587782,3.0638546412356904,22.377592755303095,25.23331130069468,2,High
Kostanay,52.03864007476667,28.829622631058555,80.68015047331126,7.054062166407638,36.500086054043074,54.60794238250443,3,Critical
Kostanay,5.239398924883343,-9.905327057085247,21.17026071021406,0.5968042098574398,17.88773816468571,69.71908334059107,0,Low
Astana,19.40070529761632,22.290745612921746,36.57938398151026,2.2001798905619276,3.195047102418691,18.998883388975987,0,Low
Taldykorgan,2.503336714984572,27.331440058936266,77.05886944666695,4.75169597187152,3.716730444303573,78.31356448959198,1,Medium
Kyzylorda,78.3915623084796,-8.174856810489336,50.92961381070673,3.1365669503727354,5.768140065285193,30.909450970944555,1,Medium
Oskemen,39.87775504261307,29.22189772797038,72.99871575532865,5.077831214887457,43.48406616718314,21.38069481176494,2,High
Atyrau,65.0974362863241,1.5512402739520628,47.757012778764675,0.6808264505650012,23.611321287810217,33.72089460082324,1,Medium
Atyrau,59.19322161405595,19.938144589012484,51.26041218637097,1.3734419786128438,35.64411846723682,7.551798072308733,1,Medium
Kyzylorda,9.783178746291203,26.0159695560533,32.6943098951748,1.4532218016382943,19.645466780244664,10.056472520969253,0,Low
Almaty,48.39136333485982,19.819903087670998,40.6584815732928,1.9196273443700709,12.935547370781725,33.15472375746651,0,Low
Aktau,26.467334990678793,-5.8471843567034245,68.43294060060698,3.944985806004071,17.359608378110597,60.99556175512801,1,Medium
Pavlodar,50.20797464011832,16.834468348716573,54.65304890521331,6.140965246576784,39.70911726585918,72.02497916595928,3,Critical
Semey,24.429393641069122,14.731264552496462,81.94421463556762,7.291541284466758,31.26080625157191,53.185439257301674,3,Critical
Petropavl,100.85428875323203,30.514457063342213,88.20679639506741,6.765293977131845,46.8819889978951,8.417564419053578,3,Critical
Aktau,20.903200389390438,8.190787833989415,63.33171345734079,1.9766590383176268,33.985238928841696,53.76158097444281,1,Medium
Taraz,115.29366617843723,4.4486493689172555,80.66138336448473,3.808629141729743,28.5090815877347,50.83423365623776,2,High
Atyrau,49.90888393763289,23.743284399640984,44.5523610555656,1.9955869831890125,30.509800449291724,64.4611134634665,2,High
Oskemen,101.54943504228592,8.57038967375285,53.197697232006256,2.4835386250039306,47.11857197342073,66.01989333217448,2,High
Astana,75.45177818471342,19.074327875227834,77.02221409734648,4.276602361339146,39.4100464933353,69.45624606231831,3,Critical
Kostanay,88.24203583989032,19.090254055607314,50.89695942536245,1.010817685426419,1.2020618683218909,33.13052116632787,1,Medium
Atyrau,92.12686656801364,29.9617578962053,67.0803948127191,2.136307471949549,26.70698480678486,55.829151628171545,2,High
Astana,60.58138582716214,16.94115810435938,34.82982232660092,7.51533620980338,34.41692057732824,21.460028713784858,3,Critical
Aktobe,65.1960628035946,12.596912448289409,67.98170519763984,3.9958721949386673,37.434923921957754,79.94690239868034,3,Critical
Aktau,61.679504137047,-3.7507903121567345,88.92109657815149,3.8403989448340417,10.657105965696834,14.026739310148795,2,High
Aktobe,70.56700537080951,-4.791807699458259,89.49117118587405,0.6092536606345917,43.35886772256761,0.8091545328668648,2,High
Pavlodar,3.527333490780875,-3.0555295622614276,77.94755250636317,2.3554981029375934,47.79215735875819,11.90469716145408,0,Low
Shymkent,47.46182038188183,-2.2668183402807465,79.66027032609009,6.99719326986636,11.835765292243488,62.06978316353013,2,High
Taraz,72.74264562734058,18.704469169863525,64.63419561205606,1.7347132119400155,44.13077287586229,35.74269412065692,2,High
Aktau,71.72682783070373,23.34415626235603,66.77344721326598,3.613437046510408,4.84893812580477,35.800019824834266,1,Medium
Almaty,95.15473135267578,13.849618531688844,30.69204651284144,0.6074817940025095,2.7853418057622594,76.40183356893348,1,Medium
Pavlodar,78.60112065985302,27.305797964547097,55.50873507370409,4.087516112529169,6.461190005137468,73.57079264224593,2,High
Karaganda,119.05599796088069,34.60684520301349,56.0621027109091,0.6576583004466287,2.8870539733518,24.895579024320735,1,Medium
Almaty,34.062543433037405,26.90056831037102,96.67982685341921,6.647071647993499,42.2506118577888,16.724650302469293,3,Critical
Taldykorgan,43.09812355994778,21.269706815418164,54.48694900986315,6.686403256153277,2.9525072229135976,67.87857679469917,2,High
Semey,46.061658224135556,13.962171474671596,63.94741159222061,6.4080664122677735,13.583209568182774,72.48152568354905,2,High
Oskemen,55.89753684242982,10.198388225361871,62.6601119423282,2.6252305166833865,5.187817176792819,43.32775382387895,1,Medium
Aktau,100.31976765374513,-6.202342875495594,70.94093736354617,6.779279136663636,14.771101815688247,50.35389688936804,3,Critical
Karaganda,28.295051275105184,7.971593677761092,79.85862650655167,4.5724859945395195,4.527973380046024,20.55314277538347,1,Medium
Karaganda,93.12002484425153,30.95605865519604,38.003350093669766,3.303560816502518,33.4001625371507,64.06421503828197,3,Critical
Pavlodar,48.63722197028921,26.361018345794882,62.29795352787485,5.189974697781747,6.6663408171287575,50.56979427592185,2,High
Kyzylorda,72.22264603944102,-0.2776885744740767,86.07341658528243,0.5925578454528051,42.59229629194439,40.28108090383973,3,Critical
Taldykorgan,75.90486398715673,10.997350311374714,57.049177107000915,1.5722065820056412,40.85955253633205,4.808684486271666,2,High
Shymkent,44.74183646267213,26.752544115134505,42.27660370988584,6.067201536276971,0.683084273530471,73.27479700089229,2,High
Aktau,61.51382462469662,-6.967695034651486,72.37672602850392,2.3312120653711474,44.78631777575573,49.236113630752484,2,High
Kyzylorda,49.56374095772364,7.432666355089669,85.90139166392984,4.985068379965622,1.447215837168353,15.415287575437437,2,High
Pavlodar,8.295934342394332,28.33285565932764,25.051223434191307,3.3882695211727225,11.98228924787783,48.51088935864422,0,Low
Semey,52.45984665801919,8.17540388765557,82.14323867257818,6.9110433409944605,1.619456888799753,54.19706833919787,2,High
Kostanay,11.68720710642626,-6.507340987085161,85.7318346369417,7.643114794974827,16.792174351965798,42.06162693465804,2,High
Atyrau,48.60249588963858,14.414046583951315,56.921834207088544,7.126735462776428,25.69332628566358,57.4481390364818,3,Critical
Atyrau,71.15020797981383,28.77841227132329,98.66445254547739,2.529649960201975,39.832243450756906,46.51631583428994,3,Critical
Shymkent,69.52978792122009,16.562849432892186,82.93666725658473,1.956221517845617,16.89907752349181,75.82156656257186,2,High
Semey,79.51455348099844,0.18255986964043203,81.89300519165326,4.058261702155512,35.27450123365583,4.295766287944547,3,Critical
Petropavl,11.431380954555156,7.290782906182159,79.82708595296575,0.5550061312713521,9.375222855949017,8.49965667756484,0,Low
Shymkent,78.25478946365254,10.255551253186947,32.04864825746192,0.693570446473863,37.52992283720632,13.893730956347188,2,High
Aktau,37.45776680357365,16.066985921923706,37.378470916240865,4.6496797971725,11.799830295461877,55.21368564834657,2,High
Aktau,47.88551353645333,24.17079615886759,57.119210517154,4.403370531239645,7.177237797188396,51.64766981998469,2,High
Astana,102.9583504707247,-5.550687206171407,41.12034799675727,7.95936491776445,9.270442518702716,71.36470881677552,3,Critical
Kyzylorda,1.0836484955460302,30.034341485790485,53.21927778672324,2.0138137652281856,9.10315644409277,58.630196230711874,0,Low
Petropavl,70.60951600087266,-9.446063364276599,91.07712879383365,2.4357794687035135,25.643143968849557,40.66843900516738,2,High
Atyrau,71.8456776120129,6.652355060341485,85.94615135034154,1.3515548174471501,42.2398790594073,79.34654339709043,3,Critical
Karaganda,47.59917316122744,-8.766086051230406,70.40319027839857,7.381572572403085,3.9802538496252815,21.288636493543933,2,High
Kyzylorda,28.443342853000342,7.683840140538106,88.64963154008828,6.33358433343838,35.34781592467113,66.65533278283631,3,Critical
Taraz,28.16088459138613,13.66156694929957,82.70179112137994,6.667543335926356,32.717322982642884,34.14322977551355,2,High
Aktau,106.0451603592903,13.025662396168027,54.31879454727124,7.270728409733816,43.62599759146812,51.89881111005874,3,Critical
Taldykorgan,53.04292485394291,-2.5467243837280593,36.08521216399561,4.436749900443787,12.207378025345362,58.18147763619472,2,High
Oskemen,39.70672355870063,19.058322954302554,61.13608320074714,3.8839489358804276,22.505492934251482,50.70032697522691,2,High
Semey,53.85330885976836,-7.98496972728993,78.89831060228401,2.9779360524921237,46.29136872217587,11.240584248687462,2,High
Almaty,80.32684817512336,24.285806905958694,54.91356789836744,4.919109607608916,32.99967250676586,35.43608085983462,3,Critical
Shymkent,17.490788189370203,32.59899952970958,73.34175278271178,3.9070879759236687,19.438420643079844,44.915070234649946,1,Medium
Aktau,53.93206022564853,5.289597221800305,27.54619410328349,3.8867418995418133,6.570619142763423,67.92350073428774,1,Medium
Kyzylorda,70.54612453324643,13.275772177144937,79.84037890971227,7.526958977983542,13.124250395029552,35.49165990388579,2,High
Petropavl,113.83000258217206,7.050962512646649,85.01708959144496,7.880236357093477,29.060773874469163,73.49978438434012,3,Critical
Oskemen,30.30333384905031,-9.698032436317302,76.5470284624433,6.473632919971855,35.90839737802568,35.22993784201685,3,Critical
Taldykorgan,43.110089749949466,7.364352630280216,97.38108700210924,6.175685676851963,6.221094342594674,43.90238874104093,3,Critical
Kyzylorda,45.523030790690854,25.627411666760594,86.13216459685123,5.604186213343261,29.9798630022027,63.70285463542408,3,Critical
Almaty,72.66457891738594,16.81949789825668,92.24749823012306,1.745561392501353,27.51756394193755,46.64541475377149,2,High
Oskemen,42.8078463648002,-5.443303842317848,94.68568667661185,0.9432936565674089,25.6977723345354,76.81744579062597,2,High
Taraz,64.02143103596347,28.121277036220327,84.10783934990468,5.680447363349473,34.506155884100394,52.82686644113021,3,Critical
Almaty,93.81483958140353,13.898840519835929,73.94070736051992,5.96589666692432,41.87247975417309,41.816756325408086,3,Critical
Pavlodar,84.64627129346442,27.877551278510424,20.45748650886314,0.8522974332360485,16.149484158843418,1.887357422463669,1,Medium
Aktobe,53.56423758151027,16.109968345326322,57.26606025784997,7.460388126716361,44.45060950554797,33.09863180642638,3,Critical
Pavlodar,103.70594132090027,15.185980017707294,65.69298388978888,1.1835547958350816,8.031680630927534,23.939873540812833,1,Medium
Atyrau,66.97682995126354,-5.2633366661344425,44.32242179583997,2.644254003284018,8.651193487558217,59.848453430999136,2,High
Kyzylorda,64.7887007402655,-2.4688120087617422,45.44835575227776,5.542923595990284,13.338603181196195,16.662214012283663,2,High
Aktau,4.102531912698981,33.7411365423466,96.89275325681321,1.7740444580335724,5.976543477353891,16.417606983525744,0,Low
Aktau,118.40315764285938,0.2819036039646843,91.33686921621967,0.9156191633168332,11.515961234143878,15.161523458990143,1,Medium
Aktau,14.756497023555205,33.985345309566554,87.93432044013633,2.9835986687311236,5.32058814514223,10.049249052498874,0,Low
Taldykorgan,27.735709491317593,13.93607179359185,52.48094413648885,6.244786811413843,41.08762084926952,24.880560293670992,2,High
Aktobe,6.203620468983235,-3.8894928821228287,21.095884032713165,3.6025900923894527,6.94844959433123,70.87376915547401,0,Low
Pavlodar,76.80035602042965,-5.531400876083818,26.417779716457126,5.397296914309545,37.36487787799284,61.994277784476395,3,Critical
Aktobe,26.9641412367216,-0.6011168182417013,44.97570945740829,4.847143229211025,2.395693395666687,58.82009730454348,1,Medium
Kostanay,21.60125249672682,31.65367985114011,21.25943303965416,0.6666386151918531,47.42601637569576,63.786944451997016,1,Medium
Kyzylorda,10.626670106788968,8.636760094770207,21.37198255321585,7.9140499028428,35.55800437638831,21.55343114636573,2,High
Aktobe,12.397074854881879,7.794542059681145,93.32826413139288,0.8107106661454082,0.3398274293055892,70.99533526019903,0,Low
Karaganda,70.16048405311065,4.094281748157831,76.49268016952433,7.7585205323636375,38.1928250100107,10.984270011328352,3,Critical
Shymkent,82.58494390399146,-3.3822167245035226,44.71647920545222,4.623981337732986,25.704096038309267,26.907658137246557,2,High
Shymkent,47.68547861572812,11.953303873658289,30.611566208076255,7.723692702987999,38.96825851675599,46.93984951738743,3,Critical
Karaganda,57.58764979104879,-4.147849786998759,60.93085743160617,1.360651995603766,26.124840444529422,8.23240706736005,1,Medium
Oskemen,82.31612831795809,27.59661063720474,20.427692868349155,4.178063893891349,32.051242881767735,58.410415022113995,3,Critical
Astana,2.0855748222575565,6.667864382388792,95.07309950865152,1.7712806889954398,39.316582769752024,30.979683856277997,1,Medium
Taldykorgan,38.77567884843343,6.866160550180837,53.185209551115776,0.8823115776683181,20.255402729392834,62.752453248672005,1,Medium
Oskemen,116.77172976844157,11.330289281742015,52.18679641898662,5.131468362967337,0.1354074910226044,39.43170284676822,2,High
Almaty,69.61346756345617,9.985747092458823,51.247488606542575,2.058375657212686,42.497324797259424,14.469961954026909,2,High
Petropavl,30.50694958769919,34.76860878766947,25.54626643102118,4.9077276371565945,19.04451813123313,58.78094490842755,2,High
Taldykorgan,62.60760559634558,14.542150454823613,71.06577918334612,1.3427336146173923,24.802136300829154,20.171516467115485,1,Medium
Taldykorgan,41.11841857450984,-6.030923329455819,78.64028957026827,2.9898985357452705,0.38833210769843585,39.26482410144342,1,Medium
Almaty,63.86939865915589,17.309480370961847,74.09003180706321,6.362244185399354,24.6046005175049,6.042661532552609,3,Critical
Aktobe,15.08898141679786,-3.1787068208554023,31.074839466351545,3.7778864138164074,49.324370078586476,49.42933235296294,2,High
Pavlodar,15.925758458313286,-8.60780598708961,66.3072134428474,5.2080906117300225,13.913383040938482,53.268621297302175,1,Medium
Pavlodar,17.225083444727144,33.683396915476166,65.55875873378031,5.3559345555915945,19.770913512118902,30.293936797822685,1,Medium
Shymkent,112.778375031221,24.809250119055378,89.47286303531057,6.828162829904702,34.35949982343383,76.3538224256859,3,Critical
Semey,87.94787020096102,34.10490465861951,50.33021267005176,2.93692095804981,40.73968337618293,69.93351371856546,3,Critical
Oskemen,19.485827359478506,11.504530161000911,49.718875492754734,5.654716719368881,20.869581200305014,56.63527325919958,2,High
Kostanay,22.601890051872175,13.951588901703925,69.48216469745485,7.712118552846243,15.483443520064627,57.09216595949941,2,High
Kyzylorda,87.69953698450516,-2.42483698363914,70.64581227996104,5.976825007684011,46.89128999925335,20.192137195372098,3,Critical
Atyrau,18.739661375060873,1.1108342000413511,57.54281818606323,4.174028575383084,33.85724833358346,52.545218487075914,2,High
Taraz,28.14735520017944,27.73471467062727,55.44474898643369,5.23038083368947,5.951065224657054,15.856501218841572,1,Medium
Pavlodar,115.60161993844788,6.028354120291738,59.53181365103062,6.047621733223311,3.446393906732431,11.52025791358577,2,High
Kyzylorda,30.636782967411822,27.20667382083885,88.88362396026496,5.092068242704043,24.177492539518454,79.95743153620641,3,Critical
Taraz,79.39588204453761,21.905617592916432,56.8933521003128,0.6250686011737936,11.004503302363622,49.79007451785393,1,Medium
Kyzylorda,117.43575448806365,-2.0273083627660524,95.1945433575858,1.960801232654194,12.699237668812675,34.47902981257524,1,Medium
Aktobe,44.91561205677512,12.835086475388398,60.320301087706085,6.5785116291159955,43.884608941392415,23.053161830716107,3,Critical
Taraz,2.1019189034474683,20.482429468342257,95.93605545447132,2.544879854843635,4.4783012158155335,48.31363549297819,1,Medium
Atyrau,29.297674850684913,0.5766746661721296,86.62655214952606,5.986715896708504,35.768205761444484,3.96748065760689,2,High
Kyzylorda,99.70526296100465,27.380982973403462,48.99450580926633,3.29090161431274,13.557112669029403,7.574479240383605,1,Medium
Karaganda,103.7530603146044,14.517244589533405,89.09131370372928,4.414132461184574,38.016411070206885,2.6285358192317076,3,Critical
Atyrau,92.22232374285494,-2.5641077300828554,28.80506273608922,1.0097997486455277,36.12056922317723,39.93358666101294,2,High
Taraz,13.573178289188764,16.23429917740711,94.00377402744115,1.8591917078728217,0.36959507221465127,48.0485303349746,0,Low
Atyrau,95.46124460356837,34.98712118701613,70.53148120663133,7.6789772263942595,25.456770646079956,4.998380908625668,3,Critical
Kyzylorda,110.24133563922051,-3.2265328751463898,24.351259881784895,7.1760354008518545,6.965974118902318,57.69795739991332,3,Critical
Astana,72.07314510554833,26.754061855378765,71.54053789206492,5.392063331742877,43.31135152893384,18.431605721165152,3,Critical
Kyzylorda,112.90504276056778,-0.6710948565598915,97.93981233158048,3.9473344803930304,43.57929414312033,54.81611630158929,3,Critical
Kyzylorda,99.22066604542529,25.207474825703926,25.584052369170315,5.568209696714178,20.9172903746879,78.55177120281965,3,Critical
Aktobe,80.03658203890888,23.056006540463592,64.3750167824069,5.139577168204543,22.219780922554026,55.28846960430809,3,Critical
Oskemen,69.26222840540977,3.522022352019457,79.8235479807498,4.764141917034591,15.164146970226355,70.65544423388869,3,Critical
Karaganda,41.82884006903646,4.662040290400242,84.8206869359625,0.9438280389765636,35.83031494800155,75.8558805394454,2,High
Kostanay,19.114493429136616,25.66346263833136,53.106197225663664,5.246019579961302,17.933068151322956,38.94008386818524,1,Medium
Pavlodar,72.5944707228649,10.76504803492907,36.33332473345944,6.266900334283763,13.389623726131688,56.18599835357655,3,Critical
Taldykorgan,38.17338643417434,22.886811292031396,23.38738230179071,7.955612409841816,21.61155297522541,68.15754028446734,3,Critical
Almaty,103.97264010331745,-3.340713368537436,66.37809256777798,0.5830891444573225,4.574375919372936,28.52871302995089,1,Medium
Oskemen,119.20043248303541,28.365100185569908,56.23288562140886,5.976300899830075,37.33016023221019,20.91178532483159,3,Critical
Almaty,90.2913315138687,21.98981225070436,95.89955161197688,4.788419869519854,0.6298200635893481,75.7278858222671,3,Critical
Aktobe,10.85780343444609,30.812426397567528,24.848392617192783,3.7553913206071754,32.2242530760297,58.10428002950544,1,Medium
Karaganda,34.64227146367657,-4.04324294342624,74.83162747568045,1.4567763092852815,9.14322633774362,17.574570670066105,0,Low
Aktau,13.093155811889968,16.685652516226895,21.99729776960457,3.5681386147615717,11.620202310720657,35.92667141408907,0,Low
Kyzylorda,78.0613977350059,16.960426326814634,33.71473413684342,3.157828872396015,31.781599932001996,63.71614156302475,3,Critical
Aktau,91.82290374669417,5.90573332460521,56.28631999382673,2.7712241673405664,49.64717328914536,43.76503927347537,3,Critical
Aktau,111.08097970568541,10.6309891056166,56.389795424229455,5.9815971749165575,38.88587445362754,51.996167853271125,3,Critical
Petropavl,52.58068156943852,-8.290829651956594,74.85604343469151,5.755441409631978,11.2919816111696,60.301456163604186,2,High
Shymkent,108.16507795061331,23.563701738215542,92.81704278942053,4.917650682356837,8.80123775205669,49.76073510471845,3,Critical
Aktau,105.3469390849593,14.719511573142832,71.12257271319366,7.539986099700292,43.311643513383515,43.206345753775665,3,Critical
Pavlodar,38.06348601184783,-7.40165266588718,96.28280782812071,3.1239078813564083,22.209197396075215,59.96914275102188,2,High
Astana,104.26807506486853,20.634015183221848,90.5292511902398,2.328514532826347,6.8526401414077736,58.205042834576055,2,High
Shymkent,45.080670225807175,11.005193475403455,66.75998364246323,5.419274848237997,43.1105711660969,50.38979201465431,3,Critical
Aktobe,35.62431294723369,-8.449243325874999,86.70335607350619,1.991105457030522,40.80461764571307,28.78315307055437,2,High
Taldykorgan,77.88895905532716,33.63234770816429,71.40620882589073,2.8625788038756843,49.19531819485818,32.464967376021725,2,High
Oskemen,39.40574734620973,32.71004643902482,26.28462647389817,2.184518300561636,45.4871843356342,77.63508391072779,2,High
Astana,75.6250497994973,13.08060872662389,79.2451778607608,1.0186517578887593,42.589516933027085,8.990874583322066,2,High
Atyrau,73.17981665984334,-5.784741068234041,27.592675301387697,6.70624056226755,2.6287198905501574,21.480393380226825,2,High
Taraz,67.61267128181505,23.95795497193663,67.52662244557699,2.409054071912459,5.220768474905901,39.39214073634686,1,Medium
Petropavl,45.65036450793572,12.136899504757807,76.21121646865831,4.047706275072655,28.44915971520614,66.93837489150286,2,High
Astana,65.81996659817722,3.6101365230220956,25.32220865686842,0.8248645494073397,26.573962314091045,13.094053098378229,1,Medium
Kostanay,71.5782569982506,12.113817988785055,38.463572314122544,5.745045996894823,22.898160724476774,22.15636944996879,2,High
Aktau,65.48242661945682,13.509986543245901,93.25377858093199,2.9792075172971813,19.83946627072921,5.263857423619118,2,High
Aktobe,53.33033433014418,15.322026456005265,69.30515937863171,6.085525458719075,21.560524243216445,56.478821284065475,3,Critical
Semey,1.7600468455516571,9.855067114489692,39.70288150484252,3.5930229535089957,28.46489670673976,19.05675483804929,0,Low
Taraz,70.44740492413811,17.25898864125755,75.25438169184054,1.9681670480421847,0.10382588000406034,31.093980053676038,1,Medium
Almaty,20.213326217126358,31.34306197728698,67.74211359693517,4.348813117115269,13.03543870664261,35.49611576237343,1,Medium
Pavlodar,77.10911627366275,6.302063919436602,60.12605599343587,1.4787841972807985,25.913986034435553,71.30511484851645,2,High
Almaty,91.12131935074392,22.657240844897707,98.0949579990467,3.8040436990474604,36.11080493368231,32.906423226498944,3,Critical
Astana,60.05343709568898,30.25036505709045,74.67630219260072,2.879791080653649,8.707834619769816,11.618001593219924,1,Medium
Taldykorgan,65.0836397975686,10.51906740919716,50.03528877343301,7.3396968814972485,27.344058689371646,41.94519506720968,3,Critical
Almaty,114.17742715991893,9.955512637185684,84.00587456614944,0.9569654129053996,35.72298419428909,77.03663957189038,2,High
Kostanay,101.66008336470891,17.09526434096508,90.76666343369502,5.705130605793065,22.231382895695234,48.61485128406488,3,Critical
Aktobe,109.70838191417639,16.613304174011965,30.017644761346514,1.8706337449057693,1.3540566835025525,78.6709776368458,1,Medium
Atyrau,97.65195459835037,26.296520404682468,36.04423822762132,2.8928380574917987,22.463407923281835,67.28858471510961,2,High
Taldykorgan,13.070201021607772,11.441752270023173,37.29816073022238,3.6163554729654948,14.822244387207656,2.8772604970730242,0,Low
Oskemen,17.879022716423364,34.82553273377485,75.29694475092323,7.310113170312307,46.48248038506642,52.67196763016335,3,Critical
Pavlodar,63.19485567227515,-7.323779400972365,68.24316440426267,2.3193369955536887,6.230669283916368,22.941350204630695,1,Medium
Kostanay,29.52835905575979,-9.857446813868421,69.51932517588705,1.1848160190850265,32.62379777536161,44.76934845157791,1,Medium
Kostanay,57.2034570049391,18.80892402018307,95.26186397516008,2.890172029928927,2.6359883167250575,22.347615274498125,1,Medium
Almaty,47.32383885820202,3.429571056284452,82.07292262458448,1.2850697790165002,22.308521890634825,27.909633328423233,1,Medium
Aktau,65.9297086116544,0.817207491476772,30.234953960942654,1.4644736447041438,27.69897436100403,73.85349694033435,2,High
Almaty,89.62508593629873,4.035458600192621,47.800566594014484,4.8038794848127,14.897746565843272,16.531454791336422,2,High
Astana,85.85890885191293,1.5221404297229437,54.83149169405885,0.9567644982461999,22.75378177601922,69.92872944206644,2,High
Oskemen,62.54809589824012,-8.614447765279847,51.676927099808395,0.7319816104517453,8.177689726509369,2.4366246456397445,1,Medium
Shymkent,98.68721025804697,33.71898690757649,73.54468873295033,5.8581057610287335,15.206192473401808,7.27012306957187,2,High
Taldykorgan,51.703450984564,-0.06645301962482186,91.351448260525,3.2123532113078337,31.055316245510152,68.37400331074109,3,Critical
Almaty,107.60571478081468,23.031339316518782,44.484117081823044,1.4403151192540495,15.090002793057755,50.44448247273563,2,High
Aktobe,8.55363240661967,24.316837761237885,64.15017091369485,2.402095781447812,44.98715392044358,59.77889104316402,1,Medium
Semey,114.55920360399689,31.816582910325316,83.15275375308686,5.315648805142993,31.420347882049487,16.75341366574834,3,Critical
Pavlodar,78.56316977176178,-8.625274430797901,53.297444707627946,2.5665242535563837,21.932450921799223,42.96667644720828,2,High
Kyzylorda,45.60894107246463,29.242175230115343,33.44945027194367,4.208908438403059,1.9378467777091235,58.97753788570438,2,High
Almaty,23.65849518874528,13.725178137791008,57.99607722109986,1.412714800450042,24.977416760233563,50.185130960821,1,Medium
Aktobe,57.50198753323199,18.464484948462253,24.417801659442276,4.910702282040853,38.23881210625446,37.73590135129676,2,High
Taldykorgan,23.346998782236117,19.001162470446516,95.39067632018215,2.8705826288244807,13.277879900620682,76.78270291501718,1,Medium
Aktobe,19.95979292917706,26.890901224312742,25.985696415597843,5.202263258965374,40.33867848243837,54.09258667627562,2,High
Pavlodar,74.0822108895569,5.003329497159973,55.076537220046255,6.5629616172801715,12.590338302544074,72.62006401929904,3,Critical
Shymkent,62.77016694981416,22.987303543699703,62.3905008870821,5.087348145424944,41.18731939754002,58.3816409258945,3,Critical
Aktobe,80.411524153313,13.78601493749887,98.82430658298284,2.718106719462655,4.26341708058387,58.83708228781465,2,High
Semey,111.5527052906387,25.70273064374065,33.28174589142886,2.418077761612253,43.309185443451476,6.401461580614347,2,High
Aktobe,63.871225600684824,34.574571474656004,29.154521488988685,2.95565719050086,24.959322546666524,28.757169748315484,2,High
Aktobe,69.71184639153573,-0.9707042168307449,20.696491765003486,1.7346538492737862,14.8268794810131,68.66955253757267,1,Medium
Aktobe,10.755160698593054,34.75918887019991,32.44571494954418,1.8587888813751505,13.255662520757438,18.608308971900478,0,Low
Atyrau,86.11629430903554,-5.95845305727517,36.58183832541341,6.4301832642512595,21.600527946518135,9.240469292517295,3,Critical
Atyrau,47.98862481649874,-9.895710344283376,70.44647532664739,3.3854943238058373,49.95247490518225,26.088484531103475,2,High
Shymkent,117.20702863950946,-8.012712871997593,37.57654323131203,3.7699638542793936,11.016369671879128,17.635030791409115,1,Medium
Almaty,98.78088187147924,5.380208213154276,21.641665178346017,4.955370991751083,5.160832443949981,74.02305558345242,2,High
Aktobe,62.6977248619342,18.480784880529537,86.1294676401991,4.922401213636607,29.251758435933095,69.43733136017049,3,Critical
Petropavl,14.786718500659926,-6.893670660046767,49.24765608031734,1.005326536414443,24.427123322012857,39.97465842263233,0,Low
Oskemen,103.12989519367069,-9.745038346169473,48.295734926458714,6.736555897532492,26.209813553165368,4.907509958709442,3,Critical
Petropavl,95.9737314508826,32.16909628064577,44.19832233343413,1.8299491491795457,33.346770877860855,57.1649876874525,2,High
